"gene","category","is_traeuble_marker","traeuble_categories"
"ENSG00000000971","Fibroblasts",TRUE,"EC; Fibroblast; Fibromyocyte; Smooth Muscle Cell"
"ENSG00000002933","Macrophages",TRUE,"Macrophage; Mast cell; Monocyte"
"ENSG00000003436","Unknown",TRUE,"EC; Fibroblast; Fibromyocyte; Smooth Muscle Cell"
"ENSG00000004776","SMCs",TRUE,"Fibroblast; Fibromyocyte; Smooth Muscle Cell"
"ENSG00000004799","SMCs",TRUE,"EC; Fibroblast; Fibromyocyte; Macrophage; Monocyte; Smooth Muscle Cell"
"ENSG00000006016","Fibroblasts",TRUE,"Fibroblast; Fibromyocyte"
"ENSG00000006042","Fibroblasts",TRUE,"EC; Fibroblast; Fibromyocyte; Smooth Muscle Cell"
"ENSG00000008394","Fibroblasts",TRUE,"Dendritic cell; Fibroblast; Macrophage; Monocyte"
"ENSG00000008517","Fibroblasts",TRUE,"T cell"
"ENSG00000010278","ECs",TRUE,"EC; Fibroblast; Fibromyocyte; Macrophage; Mast cell; Smooth Muscle Cell"
"ENSG00000011422","Macrophages",TRUE,"Dendritic cell; Macrophage; Mast cell; Monocyte; Neutrophil"
"ENSG00000011465","Fibroblasts",TRUE,"EC; Fibroblast; Fibromyocyte; Smooth Muscle Cell"
"ENSG00000011600","Macrophages",TRUE,"Dendritic cell; Macrophage; Mast cell; Monocyte; Neutrophil; NK cell"
"ENSG00000017427","Fibroblasts",TRUE,"Fibroblast; Macrophage; Plasma cell"
"ENSG00000019582","Macrophages",TRUE,"B cell; Dendritic cell; EC; Macrophage; Monocyte; Plasma cell"
"ENSG00000022267","ECs",TRUE,"Fibroblast; Fibromyocyte; Smooth Muscle Cell"
"ENSG00000023902","Macrophages",TRUE,"Dendritic cell; Macrophage; Monocyte"
"ENSG00000024422","SMCs",TRUE,"EC; Fibroblast; Fibromyocyte; Smooth Muscle Cell"
"ENSG00000026297","Macrophages",TRUE,"B cell; Dendritic cell; Macrophage; Mast cell; Monocyte; Plasma cell"
"ENSG00000026508","Macrophages",TRUE,"Mast cell; Monocyte; T cell"
"ENSG00000028137","Macrophages",TRUE,"Macrophage; Monocyte; Neutrophil"
"ENSG00000030582","Macrophages",TRUE,"Dendritic cell; EC; Macrophage; Monocyte; Plasma cell"
"ENSG00000035862","Fibroblasts",TRUE,"EC; Fibroblast; Fibromyocyte; Macrophage; Monocyte; Smooth Muscle Cell"
"ENSG00000038427","Fibroblasts",TRUE,"Fibroblast; Fibromyocyte; Monocyte; Smooth Muscle Cell"
"ENSG00000041982","ECs",TRUE,"Fibroblast; Fibromyocyte"
"ENSG00000047457","Fibroblasts",TRUE,"EC; Fibroblast; Fibromyocyte; Smooth Muscle Cell"
"ENSG00000049323","ECs",TRUE,"Fibroblast; Fibromyocyte; Smooth Muscle Cell"
"ENSG00000051523","Macrophages",TRUE,"B cell; Dendritic cell; Macrophage; Monocyte; NK cell; Plasma cell"
"ENSG00000064205","Fibroblasts",TRUE,"Fibroblast; Fibromyocyte; Smooth Muscle Cell"
"ENSG00000064989","Immune",TRUE,"EC; Fibroblast; Fibromyocyte; Smooth Muscle Cell"
"ENSG00000065054","Immune",TRUE,"EC; Fibroblast; Fibromyocyte; Smooth Muscle Cell"
"ENSG00000065534","ECs",TRUE,"Fibroblast; Fibromyocyte; Smooth Muscle Cell"
"ENSG00000066336","Macrophages",TRUE,"Dendritic cell; Macrophage; Monocyte; Neutrophil"
"ENSG00000068001","Immune",TRUE,"EC; Fibroblast"
"ENSG00000068305","Macrophages",TRUE,"Dendritic cell; EC; Fibromyocyte; Macrophage; Monocyte; Smooth Muscle Cell"
"ENSG00000072110","ECs",TRUE,"EC; Fibroblast; Fibromyocyte; Neutrophil; Smooth Muscle Cell"
"ENSG00000074181","SMCs",TRUE,"Fibroblast; Fibromyocyte; Smooth Muscle Cell"
"ENSG00000074416","SMCs",TRUE,"EC; Fibroblast; Fibromyocyte; Macrophage; Smooth Muscle Cell"
"ENSG00000076706","SMCs",TRUE,"EC; Fibromyocyte; Smooth Muscle Cell"
"ENSG00000077942","Fibroblasts",TRUE,"Fibroblast; Fibromyocyte; Smooth Muscle Cell"
"ENSG00000077943","ECs",TRUE,"Fibroblast; Fibromyocyte; Smooth Muscle Cell"
"ENSG00000078596","Fibroblasts",TRUE,"EC; T cell"
"ENSG00000079308","ECs",TRUE,"EC; Fibroblast; Fibromyocyte; Smooth Muscle Cell"
"ENSG00000081041","Macrophages",TRUE,"Dendritic cell; EC; Macrophage; Monocyte; Neutrophil"
"ENSG00000081237","Macrophages",TRUE,"NK cell; T cell"
"ENSG00000082074","Macrophages",FALSE,""
"ENSG00000082781","ECs",TRUE,"Fibroblast; Fibromyocyte; Macrophage; Smooth Muscle Cell"
"ENSG00000084234","Macrophages",TRUE,"EC; Fibroblast; Fibromyocyte; Macrophage; Monocyte; Smooth Muscle Cell"
"ENSG00000085871","Immune",TRUE,"Dendritic cell; EC; Fibromyocyte; Macrophage; Monocyte; Smooth Muscle Cell"
"ENSG00000087245","Fibroblasts",TRUE,"EC; Fibroblast; Fibromyocyte; Smooth Muscle Cell"
"ENSG00000090006","Unknown",TRUE,"EC; Fibroblast; Fibromyocyte; Smooth Muscle Cell"
"ENSG00000090104","Macrophages",TRUE,"Dendritic cell; Macrophage; Mast cell; Plasma cell; T cell"
"ENSG00000090382","Macrophages",TRUE,"Dendritic cell; Macrophage; Monocyte"
"ENSG00000091136","Unknown",TRUE,"EC; Fibroblast; Fibromyocyte"
"ENSG00000091986","Fibroblasts",TRUE,"EC; Fibroblast; Fibromyocyte; Smooth Muscle Cell"
"ENSG00000094963","Fibroblasts",TRUE,"Fibroblast; Fibromyocyte; Smooth Muscle Cell"
"ENSG00000099260","Immune",TRUE,"EC; Fibroblast"
"ENSG00000099860","SMCs",TRUE,"Dendritic cell; Macrophage; Mast cell; Monocyte; Plasma cell"
"ENSG00000099998","SMCs",TRUE,"EC; Fibroblast; Fibromyocyte; Smooth Muscle Cell"
"ENSG00000100097","ECs",TRUE,"Dendritic cell; Fibroblast; Fibromyocyte; Macrophage; Monocyte; Plasma cell; Smooth Muscle Cell"
"ENSG00000100219","SMCs",TRUE,"Fibroblast; Monocyte; Plasma cell"
"ENSG00000100234","SMCs",TRUE,"EC; Fibroblast; Fibromyocyte; Mast cell; Smooth Muscle Cell"
"ENSG00000100292","Macrophages",TRUE,"Dendritic cell; Macrophage; Monocyte"
"ENSG00000100644","Macrophages",TRUE,"Dendritic cell; Macrophage; Mast cell; Monocyte; Neutrophil"
"ENSG00000101000","SMCs",TRUE,"EC; Fibroblast; Fibromyocyte; Mast cell"
"ENSG00000101160","Macrophages",TRUE,"Dendritic cell; Fibroblast; Fibromyocyte; Macrophage; Monocyte; Plasma cell"
"ENSG00000101335","ECs",TRUE,"Fibroblast; Fibromyocyte; Smooth Muscle Cell"
"ENSG00000102024","ECs",TRUE,"EC; Fibroblast; Fibromyocyte; Smooth Muscle Cell"
"ENSG00000102265","Fibroblasts",TRUE,"EC; Fibroblast; Fibromyocyte; Mast cell; Monocyte; Smooth Muscle Cell"
"ENSG00000102760","SMCs",TRUE,"T cell"
"ENSG00000102786","SMCs",TRUE,"Mast cell"
"ENSG00000102802","Fibroblasts",TRUE,"EC; Fibroblast; Fibromyocyte; Smooth Muscle Cell"
"ENSG00000102804","SMCs",TRUE,"EC; Fibroblast; Fibromyocyte; Mast cell; Smooth Muscle Cell"
"ENSG00000102879","Macrophages",TRUE,"B cell; Dendritic cell; NK cell; T cell"
"ENSG00000103196","Unknown",TRUE,"Fibroblast; Monocyte"
"ENSG00000103490","Macrophages",TRUE,"Dendritic cell; Macrophage; Mast cell; Monocyte"
"ENSG00000103811","Macrophages",TRUE,"B cell; Dendritic cell; Macrophage; Monocyte; Plasma cell"
"ENSG00000104368","Immune",TRUE,"EC; Fibroblast; Fibromyocyte; Mast cell"
"ENSG00000104419","Immune",TRUE,"EC; Fibroblast"
"ENSG00000104870","Macrophages",TRUE,"Dendritic cell; EC; Fibroblast; Macrophage; Monocyte"
"ENSG00000104894","Macrophages",TRUE,"B cell; Mast cell; T cell"
"ENSG00000105329","Macrophages",FALSE,""
"ENSG00000105655","SMCs",TRUE,"EC; Fibroblast; Fibromyocyte; Smooth Muscle Cell"
"ENSG00000105664","Fibroblasts",TRUE,"Fibroblast"
"ENSG00000105974","SMCs",TRUE,"EC; Fibroblast; Fibromyocyte; Smooth Muscle Cell"
"ENSG00000106066","Macrophages",TRUE,"Dendritic cell; Macrophage; Monocyte"
"ENSG00000106211","ECs",TRUE,"EC; Fibroblast; Fibromyocyte; Smooth Muscle Cell"
"ENSG00000106333","Fibroblasts",TRUE,"Fibroblast; Fibromyocyte; Smooth Muscle Cell"
"ENSG00000106366","ECs",TRUE,"EC; Fibroblast; Fibromyocyte; Smooth Muscle Cell"
"ENSG00000106483","Fibroblasts",TRUE,"Fibroblast; Fibromyocyte; Smooth Muscle Cell"
"ENSG00000106565","Macrophages",TRUE,"Macrophage; Mast cell; Monocyte"
"ENSG00000106624","ECs",TRUE,"Fibroblast; Fibromyocyte; Smooth Muscle Cell"
"ENSG00000106809","ECs",TRUE,"EC; Fibroblast; Fibromyocyte; Smooth Muscle Cell"
"ENSG00000106819","ECs",TRUE,"Fibroblast; Fibromyocyte; Smooth Muscle Cell"
"ENSG00000106991","Immune",TRUE,"EC; Fibroblast; Fibromyocyte; Macrophage; Smooth Muscle Cell"
"ENSG00000107317","Unknown",TRUE,"Dendritic cell; EC; Fibroblast; NK cell"
"ENSG00000107438","Immune",TRUE,"B cell; EC; Fibroblast; Fibromyocyte; Smooth Muscle Cell"
"ENSG00000107562","SMCs",TRUE,"EC; Fibroblast; Fibromyocyte; Macrophage; Smooth Muscle Cell"
"ENSG00000107796","ECs",TRUE,"Fibroblast; Fibromyocyte; Smooth Muscle Cell"
"ENSG00000108821","Fibroblasts",TRUE,"Fibroblast; Fibromyocyte; Smooth Muscle Cell"
"ENSG00000109099","Fibroblasts",TRUE,"EC; Fibroblast; Fibromyocyte; Macrophage; Mast cell; Smooth Muscle Cell"
"ENSG00000109472","ECs",TRUE,"EC; Fibroblast; Fibromyocyte; Smooth Muscle Cell"
"ENSG00000109610","ECs",TRUE,"Fibroblast; Fibromyocyte; Smooth Muscle Cell"
"ENSG00000109846","ECs",TRUE,"Fibroblast; Fibromyocyte; Smooth Muscle Cell"
"ENSG00000110077","Macrophages",TRUE,"Dendritic cell; Macrophage; Monocyte"
"ENSG00000110079","Macrophages",TRUE,"Dendritic cell; Macrophage; Monocyte"
"ENSG00000110092","SMCs",TRUE,"EC; Fibroblast; Fibromyocyte; Macrophage; Smooth Muscle Cell"
"ENSG00000110799","Immune",TRUE,"EC"
"ENSG00000110852","Macrophages",TRUE,"NK cell; T cell"
"ENSG00000111341","ECs",TRUE,"EC; Fibroblast; Fibromyocyte; Smooth Muscle Cell"
"ENSG00000111348","Macrophages",TRUE,"Mast cell; NK cell; T cell"
"ENSG00000111404","SMCs",TRUE,"Fibromyocyte; Smooth Muscle Cell"
"ENSG00000111716","SMCs",TRUE,"Mast cell; Smooth Muscle Cell; T cell"
"ENSG00000111885","Macrophages",TRUE,"Dendritic cell; EC; Fibroblast; Macrophage; Plasma cell"
"ENSG00000112149","Macrophages",TRUE,"B cell; Dendritic cell; Macrophage; Mast cell; Monocyte"
"ENSG00000112514","SMCs",TRUE,"Fibromyocyte; Mast cell; Plasma cell"
"ENSG00000112562","ECs",TRUE,"Fibroblast; Fibromyocyte; Smooth Muscle Cell"
"ENSG00000112936","Fibroblasts",TRUE,"EC; Fibroblast"
"ENSG00000113140","ECs",TRUE,"EC; Fibroblast; Fibromyocyte; Smooth Muscle Cell"
"ENSG00000115380","Fibroblasts",TRUE,"EC; Fibroblast; Fibromyocyte; Smooth Muscle Cell"
"ENSG00000115414","ECs",TRUE,"EC; Fibroblast; Fibromyocyte; Macrophage; Smooth Muscle Cell"
"ENSG00000115457","ECs",TRUE,"EC; Fibroblast; Fibromyocyte; Smooth Muscle Cell"
"ENSG00000115461","SMCs",TRUE,"EC; Fibroblast; Fibromyocyte; Smooth Muscle Cell"
"ENSG00000115956","Macrophages",TRUE,"Dendritic cell; Macrophage; Monocyte; Neutrophil; NK cell"
"ENSG00000116016","Immune",TRUE,"EC; Fibroblast; Fibromyocyte; Smooth Muscle Cell"
"ENSG00000116132","Fibroblasts",TRUE,"Fibroblast; Fibromyocyte; Smooth Muscle Cell"
"ENSG00000116194","SMCs",TRUE,"Fibroblast; Fibromyocyte; Smooth Muscle Cell"
"ENSG00000116717","ECs",TRUE,"Fibroblast; Fibromyocyte; Plasma cell; Smooth Muscle Cell"
"ENSG00000117632","SMCs",TRUE,"Dendritic cell; Macrophage; Mast cell"
"ENSG00000117862","Macrophages",TRUE,"Dendritic cell; EC; Macrophage; Plasma cell"
"ENSG00000118257","Unknown",TRUE,"EC; Fibroblast; Fibromyocyte; Macrophage"
"ENSG00000118292","No category assigned",TRUE,"Dendritic cell; EC; Fibroblast; Fibromyocyte; Macrophage; Smooth Muscle Cell"
"ENSG00000118503","Macrophages",TRUE,"Monocyte; Neutrophil; T cell"
"ENSG00000118523","ECs",TRUE,"EC; Fibroblast; Fibromyocyte; Smooth Muscle Cell"
"ENSG00000118640","Macrophages",TRUE,"Dendritic cell; Macrophage; Mast cell; Monocyte"
"ENSG00000118849","Fibroblasts",TRUE,"Fibroblast; Fibromyocyte; Macrophage; Mast cell"
"ENSG00000119147","SMCs",FALSE,""
"ENSG00000119655","Macrophages",TRUE,"Dendritic cell; EC; Fibroblast; Fibromyocyte; Macrophage; Mast cell; Monocyte; Plasma cell"
"ENSG00000119681","Fibroblasts",TRUE,"EC; Fibroblast; Fibromyocyte; Smooth Muscle Cell"
"ENSG00000119900","Macrophages",TRUE,"Dendritic cell; Macrophage; Monocyte"
"ENSG00000119922","Macrophages",TRUE,"Dendritic cell; Macrophage; Monocyte"
"ENSG00000119950","ECs",TRUE,"Fibromyocyte; Smooth Muscle Cell"
"ENSG00000120594","Fibroblasts",TRUE,"Dendritic cell; EC; Fibroblast; Fibromyocyte; Macrophage; Monocyte; Smooth Muscle Cell"
"ENSG00000120708","Macrophages",TRUE,"Dendritic cell; Macrophage; Monocyte; Smooth Muscle Cell"
"ENSG00000120885","Fibroblasts",TRUE,"EC; Fibroblast; Fibromyocyte; Mast cell; Smooth Muscle Cell"
"ENSG00000121064","Fibroblasts",TRUE,"Fibroblast; Fibromyocyte; Macrophage; Monocyte; Smooth Muscle Cell"
"ENSG00000121858","Immune",TRUE,"EC; Fibroblast; Mast cell; Monocyte"
"ENSG00000121898","ECs",TRUE,"EC; Fibroblast; Fibromyocyte; Smooth Muscle Cell"
"ENSG00000122378","Immune",FALSE,""
"ENSG00000122679","Immune",TRUE,"EC"
"ENSG00000122786","ECs",TRUE,"EC; Fibroblast; Fibromyocyte; Smooth Muscle Cell"
"ENSG00000122862","Macrophages",TRUE,"Dendritic cell; Macrophage; Mast cell; Monocyte; Neutrophil; NK cell; T cell"
"ENSG00000123131","Fibroblasts",TRUE,"EC; Fibroblast; Fibromyocyte; Macrophage; Plasma cell; Smooth Muscle Cell"
"ENSG00000123358","SMCs",TRUE,"B cell; Dendritic cell; Fibroblast; Mast cell; Monocyte; Plasma cell"
"ENSG00000123384","Fibroblasts",TRUE,"Fibroblast; Fibromyocyte; Macrophage; Monocyte; Smooth Muscle Cell"
"ENSG00000124107","Fibroblasts",TRUE,"EC; Fibroblast"
"ENSG00000124212","Fibroblasts",TRUE,"EC; Fibroblast; Fibromyocyte; Smooth Muscle Cell"
"ENSG00000124491","Macrophages",TRUE,"Dendritic cell; Macrophage; Monocyte"
"ENSG00000124831","Immune",TRUE,"Dendritic cell; Macrophage; Monocyte"
"ENSG00000125148","SMCs",TRUE,"Fibroblast; Fibromyocyte; Smooth Muscle Cell"
"ENSG00000125730","Fibroblasts",TRUE,"Fibroblast; Macrophage"
"ENSG00000125740","SMCs",TRUE,"Dendritic cell; Macrophage; Mast cell; Monocyte; Neutrophil; Plasma cell"
"ENSG00000125810","Immune",TRUE,"Dendritic cell; EC; Macrophage; Monocyte; Neutrophil"
"ENSG00000125868","ECs",TRUE,"EC; Fibroblast; Fibromyocyte; Smooth Muscle Cell"
"ENSG00000125968","Immune",TRUE,"EC; Fibroblast; Fibromyocyte; Smooth Muscle Cell"
"ENSG00000126005","ECs",FALSE,""
"ENSG00000126264","Macrophages",TRUE,"NK cell; T cell"
"ENSG00000126524","ECs",TRUE,"EC; Fibroblast; Fibromyocyte; Smooth Muscle Cell"
"ENSG00000127083","Fibroblasts",TRUE,"EC; Fibroblast; Fibromyocyte; Smooth Muscle Cell"
"ENSG00000127528","Immune",TRUE,"EC"
"ENSG00000127947","Immune",TRUE,"EC; Fibroblast; Fibromyocyte; Macrophage; Monocyte"
"ENSG00000127951","ECs",TRUE,"Dendritic cell; Fibroblast; Fibromyocyte; Macrophage; Monocyte; Smooth Muscle Cell"
"ENSG00000127954","SMCs",TRUE,"Fibroblast; Neutrophil; Smooth Muscle Cell"
"ENSG00000129009","Fibroblasts",TRUE,"Fibroblast; Fibromyocyte; Smooth Muscle Cell"
"ENSG00000129226","Macrophages",TRUE,"Dendritic cell; Macrophage; Monocyte"
"ENSG00000129538","Macrophages",TRUE,"EC; Macrophage"
"ENSG00000129757","Fibroblasts",TRUE,"EC; Fibroblast; Fibromyocyte; Macrophage; Smooth Muscle Cell"
"ENSG00000130176","ECs",TRUE,"Fibromyocyte; Smooth Muscle Cell"
"ENSG00000130203","SMCs",TRUE,"Fibroblast; Macrophage"
"ENSG00000130300","Immune",TRUE,"EC"
"ENSG00000130592","Macrophages",TRUE,"Dendritic cell; Monocyte; NK cell; T cell"
"ENSG00000131386","Fibroblasts",TRUE,"EC; Fibroblast"
"ENSG00000131477","Immune",TRUE,"EC; Fibroblast"
"ENSG00000131669","Macrophages",TRUE,"Macrophage; Monocyte; Neutrophil"
"ENSG00000132329","ECs",TRUE,"Fibroblast; Fibromyocyte; Smooth Muscle Cell"
"ENSG00000132334","Macrophages",TRUE,"Dendritic cell; Macrophage; Monocyte; Neutrophil"
"ENSG00000132386","Fibroblasts",TRUE,"Dendritic cell; Fibroblast; Macrophage"
"ENSG00000132965","Macrophages",TRUE,"Dendritic cell; Macrophage; Mast cell; Neutrophil; NK cell; T cell"
"ENSG00000133026","ECs",TRUE,"Fibroblast; Fibromyocyte; Smooth Muscle Cell"
"ENSG00000133110","Immune",TRUE,"EC; Fibroblast; Fibromyocyte"
"ENSG00000133392","ECs",TRUE,"Fibroblast; Fibromyocyte; Smooth Muscle Cell"
"ENSG00000133574","Immune",TRUE,"EC; T cell"
"ENSG00000133639","SMCs",TRUE,"B cell; T cell"
"ENSG00000133816","ECs",TRUE,"Fibroblast; Fibromyocyte; Smooth Muscle Cell"
"ENSG00000134202","Fibroblasts",TRUE,"EC; Fibroblast; Fibromyocyte; Smooth Muscle Cell"
"ENSG00000134531","Fibroblasts",TRUE,"EC; Fibroblast; Fibromyocyte; Macrophage"
"ENSG00000134533","SMCs",TRUE,"Fibroblast; Fibromyocyte; Smooth Muscle Cell"
"ENSG00000134853","Fibroblasts",TRUE,"Fibroblast; Fibromyocyte; Smooth Muscle Cell"
"ENSG00000134871","ECs",TRUE,"EC; Fibroblast; Fibromyocyte; Smooth Muscle Cell"
"ENSG00000135218","SMCs",TRUE,"Dendritic cell; Macrophage; Monocyte"
"ENSG00000135363","Immune",TRUE,"Dendritic cell; EC; Macrophage; Monocyte"
"ENSG00000135506","Fibroblasts",TRUE,"Dendritic cell; EC; Fibroblast; Fibromyocyte; Macrophage; Monocyte; Plasma cell"
"ENSG00000135678","Macrophages",TRUE,"Dendritic cell; Macrophage; Mast cell; Monocyte"
"ENSG00000135744","SMCs",TRUE,"Fibroblast; Fibromyocyte; Smooth Muscle Cell"
"ENSG00000135821","Macrophages",TRUE,"Dendritic cell; Macrophage; Mast cell; Monocyte; Neutrophil"
"ENSG00000135916","SMCs",TRUE,"B cell; Dendritic cell; Mast cell; Plasma cell; Smooth Muscle Cell"
"ENSG00000136167","Macrophages",TRUE,"Dendritic cell; Macrophage; Monocyte; Neutrophil; NK cell; T cell"
"ENSG00000136826","Immune",TRUE,"Dendritic cell; EC; Fibroblast; Macrophage; Monocyte"
"ENSG00000136997","Immune",TRUE,"B cell; EC; Fibroblast"
"ENSG00000136999","ECs",TRUE,"Fibroblast; Fibromyocyte; Smooth Muscle Cell"
"ENSG00000137331","Macrophages",TRUE,"Dendritic cell; EC; Macrophage; Mast cell; Monocyte; Neutrophil"
"ENSG00000137409","Unknown",TRUE,"EC; Fibroblast; Fibromyocyte; Macrophage; Smooth Muscle Cell"
"ENSG00000137507","Immune",TRUE,"EC; Fibroblast; Fibromyocyte; Smooth Muscle Cell"
"ENSG00000137509","Immune",TRUE,"Dendritic cell; EC; Fibroblast; Macrophage; Monocyte; Plasma cell"
"ENSG00000137573","ECs",TRUE,"EC; Fibroblast; Fibromyocyte; Smooth Muscle Cell"
"ENSG00000137710","Immune",TRUE,"EC; Fibroblast; Fibromyocyte; Macrophage; Smooth Muscle Cell"
"ENSG00000137801","Macrophages",TRUE,"EC; Fibroblast; Fibromyocyte; Monocyte"
"ENSG00000137962","Immune",TRUE,"EC; Fibroblast; Fibromyocyte; Smooth Muscle Cell"
"ENSG00000138061","Unknown",TRUE,"EC; Fibroblast; Monocyte"
"ENSG00000138495","SMCs",TRUE,"Dendritic cell; EC; Fibromyocyte; Mast cell; Plasma cell; Smooth Muscle Cell"
"ENSG00000138758","Fibroblasts",FALSE,""
"ENSG00000139278","Macrophages",TRUE,"Dendritic cell; Fibromyocyte; Macrophage; Monocyte"
"ENSG00000139329","Fibroblasts",TRUE,"Fibroblast; Fibromyocyte"
"ENSG00000139687","Macrophages",TRUE,"Dendritic cell; Macrophage; Monocyte"
"ENSG00000140092","ECs",TRUE,"Fibroblast; Fibromyocyte; Smooth Muscle Cell"
"ENSG00000140285","Fibroblasts",TRUE,"Fibroblast; Fibromyocyte; Smooth Muscle Cell"
"ENSG00000140416","ECs",TRUE,"EC; Fibroblast; Fibromyocyte; Smooth Muscle Cell"
"ENSG00000140545","ECs",TRUE,"Fibroblast; Fibromyocyte; Smooth Muscle Cell"
"ENSG00000140836","Macrophages",TRUE,"Dendritic cell; Fibroblast; Fibromyocyte; Macrophage; Monocyte; Smooth Muscle Cell"
"ENSG00000141753","Immune",TRUE,"EC; Fibroblast; Fibromyocyte; Smooth Muscle Cell"
"ENSG00000142173","ECs",TRUE,"EC; Fibroblast; Fibromyocyte; Smooth Muscle Cell"
"ENSG00000142192","Immune",TRUE,"Dendritic cell; EC; Fibroblast; Fibromyocyte; Smooth Muscle Cell"
"ENSG00000142552","Fibroblasts",TRUE,"EC; Fibroblast; Fibromyocyte; Smooth Muscle Cell"
"ENSG00000142871","ECs",TRUE,"EC; Fibroblast; Fibromyocyte; Smooth Muscle Cell"
"ENSG00000142910","SMCs",TRUE,"EC; Fibroblast; Fibromyocyte; Smooth Muscle Cell"
"ENSG00000143110","Macrophages",TRUE,"Dendritic cell; Macrophage; Mast cell; Monocyte"
"ENSG00000143119","Macrophages",TRUE,"B cell; Dendritic cell; Macrophage; NK cell; T cell"
"ENSG00000143127","ECs",TRUE,"EC; Fibroblast; Fibromyocyte; Smooth Muscle Cell"
"ENSG00000143153","Macrophages",TRUE,"Dendritic cell; Fibromyocyte; Macrophage; Smooth Muscle Cell"
"ENSG00000143162","Macrophages",TRUE,"Fibroblast; Fibromyocyte; Macrophage; Monocyte; Smooth Muscle Cell"
"ENSG00000143196","Fibroblasts",TRUE,"Fibroblast; Fibromyocyte; Smooth Muscle Cell"
"ENSG00000143226","Macrophages",TRUE,"Dendritic cell; Macrophage; Monocyte; Neutrophil"
"ENSG00000143549","Macrophages",TRUE,"Dendritic cell; EC; Macrophage; Monocyte"
"ENSG00000144476","Fibroblasts",TRUE,"EC; Fibroblast; Fibromyocyte; Smooth Muscle Cell"
"ENSG00000144802","Macrophages",TRUE,"Dendritic cell; Macrophage; Mast cell; Monocyte; Neutrophil"
"ENSG00000144810","ECs",TRUE,"EC; Fibroblast; Fibromyocyte; Smooth Muscle Cell"
"ENSG00000145012","ECs",TRUE,"EC; Fibroblast; Fibromyocyte; Smooth Muscle Cell"
"ENSG00000145423","Fibroblasts",TRUE,"Fibroblast; Fibromyocyte"
"ENSG00000145675","Fibroblasts",TRUE,"T cell"
"ENSG00000145730","ECs",TRUE,"EC; Fibroblast; Fibromyocyte; Smooth Muscle Cell"
"ENSG00000145936","ECs",TRUE,"Fibroblast; Fibromyocyte; Smooth Muscle Cell"
"ENSG00000146674","Immune",TRUE,"EC; Fibroblast; Fibromyocyte; Smooth Muscle Cell"
"ENSG00000148053","SMCs",TRUE,"Fibroblast; Fibromyocyte; Smooth Muscle Cell"
"ENSG00000148700","Fibroblasts",TRUE,"B cell; Fibroblast"
"ENSG00000149131","Fibroblasts",TRUE,"EC; Fibroblast; Fibromyocyte; Macrophage; Smooth Muscle Cell"
"ENSG00000149564","Immune",TRUE,"EC; Fibroblast; Fibromyocyte; Smooth Muscle Cell"
"ENSG00000149591","ECs",TRUE,"Fibroblast; Fibromyocyte; Smooth Muscle Cell"
"ENSG00000150347","SMCs",TRUE,"Fibroblast; Fibromyocyte; Smooth Muscle Cell"
"ENSG00000150540","Macrophages",TRUE,"Dendritic cell; Fibroblast; Fibromyocyte; Macrophage; Monocyte; Smooth Muscle Cell"
"ENSG00000151468","ECs",TRUE,"EC; Fibroblast; Fibromyocyte; Smooth Muscle Cell"
"ENSG00000151491","SMCs",TRUE,"EC; Fibroblast; Fibromyocyte; Macrophage; Smooth Muscle Cell"
"ENSG00000151632","Fibroblasts",TRUE,"Fibroblast; Fibromyocyte; Smooth Muscle Cell"
"ENSG00000152518","SMCs",TRUE,"T cell"
"ENSG00000152583","SMCs",TRUE,"EC; Fibroblast; Fibromyocyte; Smooth Muscle Cell"
"ENSG00000152661","ECs",TRUE,"EC; Fibroblast; Fibromyocyte; Smooth Muscle Cell"
"ENSG00000153071","Macrophages",TRUE,"EC; Fibroblast; Macrophage"
"ENSG00000153179","ECs",TRUE,"Fibromyocyte; Monocyte; Neutrophil; Smooth Muscle Cell"
"ENSG00000153234","Macrophages",TRUE,"B cell; Dendritic cell; Monocyte"
"ENSG00000153310","Macrophages",TRUE,"Dendritic cell; Macrophage; Monocyte; NK cell"
"ENSG00000153823","Fibroblasts",TRUE,"Dendritic cell; Fibroblast; Fibromyocyte; Macrophage; Monocyte; Smooth Muscle Cell"
"ENSG00000154096","Fibroblasts",TRUE,"EC; Fibroblast; Fibromyocyte; Smooth Muscle Cell"
"ENSG00000154146","SMCs",TRUE,"EC; Fibroblast; Fibromyocyte; Monocyte; Smooth Muscle Cell"
"ENSG00000154175","Fibroblasts",TRUE,"EC; Fibroblast; Fibromyocyte; Smooth Muscle Cell"
"ENSG00000154188","SMCs",TRUE,"Fibroblast; Fibromyocyte; Smooth Muscle Cell"
"ENSG00000154380","ECs",TRUE,"EC; Fibroblast; Fibromyocyte; Smooth Muscle Cell"
"ENSG00000154553","ECs",TRUE,"Fibroblast; Fibromyocyte; Smooth Muscle Cell"
"ENSG00000154556","ECs",TRUE,"EC; Fibroblast; Fibromyocyte; Smooth Muscle Cell"
"ENSG00000154734","SMCs",TRUE,"EC; Fibroblast; Fibromyocyte; Smooth Muscle Cell"
"ENSG00000155659","Macrophages",TRUE,"Dendritic cell; Macrophage; Monocyte"
"ENSG00000156298","Immune",TRUE,"EC"
"ENSG00000157110","ECs",TRUE,"EC; Fibroblast; Fibromyocyte; Smooth Muscle Cell"
"ENSG00000157514","SMCs",TRUE,"T cell"
"ENSG00000157557","Immune",TRUE,"Dendritic cell; EC; Macrophage; Monocyte; Neutrophil"
"ENSG00000158869","Macrophages",TRUE,"Dendritic cell; Macrophage; Mast cell; Monocyte; Neutrophil; NK cell"
"ENSG00000159176","ECs",TRUE,"EC; Fibroblast; Fibromyocyte; Smooth Muscle Cell"
"ENSG00000159189","Macrophages",TRUE,"Macrophage"
"ENSG00000159251","ECs",TRUE,"Fibromyocyte; Smooth Muscle Cell"
"ENSG00000159388","SMCs",TRUE,"B cell; Mast cell; Plasma cell"
"ENSG00000159403","Fibroblasts",TRUE,"EC; Fibroblast; Fibromyocyte; Smooth Muscle Cell"
"ENSG00000159840","Macrophages",TRUE,"Dendritic cell; Fibromyocyte; Macrophage; Monocyte; Smooth Muscle Cell"
"ENSG00000160255","Macrophages",TRUE,"Dendritic cell; Macrophage; Monocyte; NK cell"
"ENSG00000160888","SMCs",TRUE,"B cell; Mast cell"
"ENSG00000161960","SMCs",TRUE,"Dendritic cell; Macrophage"
"ENSG00000162407","Fibroblasts",TRUE,"EC; Fibroblast; Fibromyocyte; Smooth Muscle Cell"
"ENSG00000162434","SMCs",TRUE,"B cell"
"ENSG00000162444","Immune",TRUE,"EC; Monocyte"
"ENSG00000162458","ECs",TRUE,"EC; Fibroblast; Fibromyocyte; Smooth Muscle Cell"
"ENSG00000162496","Fibroblasts",TRUE,"EC; Fibroblast; Fibromyocyte; Macrophage"
"ENSG00000162511","Macrophages",TRUE,"B cell; Dendritic cell; Macrophage; Mast cell; Monocyte; Neutrophil"
"ENSG00000162616","SMCs",TRUE,"EC; Fibroblast; Fibromyocyte; Smooth Muscle Cell"
"ENSG00000162618","Immune",TRUE,"EC"
"ENSG00000162772","Macrophages",TRUE,"Dendritic cell; Macrophage; Monocyte; Smooth Muscle Cell"
"ENSG00000163017","ECs",TRUE,"Fibromyocyte; Smooth Muscle Cell"
"ENSG00000163131","Macrophages",TRUE,"B cell; Dendritic cell; Macrophage; Monocyte; Neutrophil; Plasma cell"
"ENSG00000163220","Macrophages",TRUE,"Macrophage; Monocyte; Neutrophil"
"ENSG00000163430","Fibroblasts",TRUE,"EC; Fibroblast; Fibromyocyte; Smooth Muscle Cell"
"ENSG00000163431","ECs",TRUE,"Fibroblast; Fibromyocyte; Smooth Muscle Cell"
"ENSG00000163453","ECs",TRUE,"EC; Fibroblast; Fibromyocyte; Smooth Muscle Cell"
"ENSG00000163520","Fibroblasts",TRUE,"EC; Fibroblast; Fibromyocyte"
"ENSG00000163563","Macrophages",TRUE,"Dendritic cell; Macrophage; Monocyte; Neutrophil"
"ENSG00000163681","ECs",TRUE,"Fibromyocyte; Smooth Muscle Cell"
"ENSG00000163710","Fibroblasts",TRUE,"Fibroblast; Fibromyocyte; Smooth Muscle Cell"
"ENSG00000164035","Immune",TRUE,"EC"
"ENSG00000164116","SMCs",TRUE,"Fibroblast; Fibromyocyte; Smooth Muscle Cell"
"ENSG00000164330","SMCs",TRUE,"B cell; EC; Fibroblast; Fibromyocyte; Smooth Muscle Cell"
"ENSG00000164687","Immune",TRUE,"Dendritic cell; EC; Macrophage; Monocyte"
"ENSG00000164692","Fibroblasts",TRUE,"Fibroblast; Fibromyocyte; Smooth Muscle Cell"
"ENSG00000164733","Macrophages",TRUE,"Dendritic cell; Macrophage; Monocyte"
"ENSG00000164761","ECs",TRUE,"Fibroblast; Fibromyocyte; Smooth Muscle Cell"
"ENSG00000165092","Fibroblasts",TRUE,"EC; Fibroblast; Fibromyocyte; Macrophage; Mast cell; Smooth Muscle Cell"
"ENSG00000165168","Macrophages",TRUE,"B cell; Dendritic cell; Macrophage; Monocyte"
"ENSG00000165457","Macrophages",TRUE,"Macrophage"
"ENSG00000165655","Fibroblasts",TRUE,"Dendritic cell; Fibroblast; Fibromyocyte; Macrophage; Smooth Muscle Cell"
"ENSG00000165795","SMCs",TRUE,"Dendritic cell; Fibroblast; Fibromyocyte; Mast cell; Smooth Muscle Cell"
"ENSG00000165949","Immune",TRUE,"EC; Fibroblast; Fibromyocyte"
"ENSG00000166147","Fibroblasts",TRUE,"EC; Fibroblast; Fibromyocyte; Smooth Muscle Cell"
"ENSG00000166173","Fibroblasts",TRUE,"EC; Fibroblast; Fibromyocyte; Smooth Muscle Cell"
"ENSG00000166398","Immune",TRUE,"EC; Fibromyocyte"
"ENSG00000166482","ECs",TRUE,"Fibroblast; Fibromyocyte; Smooth Muscle Cell"
"ENSG00000166592","SMCs",TRUE,"Fibromyocyte; Mast cell; Smooth Muscle Cell"
"ENSG00000166741","Fibroblasts",TRUE,"EC; Fibroblast; Fibromyocyte; Smooth Muscle Cell"
"ENSG00000166927","Macrophages",TRUE,"Dendritic cell; Macrophage; Monocyte"
"ENSG00000167641","ECs",TRUE,"Fibroblast; Fibromyocyte; Smooth Muscle Cell"
"ENSG00000167642","ECs",TRUE,"Dendritic cell; Fibromyocyte; Macrophage; Mast cell; Plasma cell; Smooth Muscle Cell"
"ENSG00000168079","Fibroblasts",TRUE,"Fibroblast"
"ENSG00000168209","SMCs",TRUE,"Mast cell; NK cell; Plasma cell; T cell"
"ENSG00000168386","SMCs",TRUE,"Dendritic cell; EC; Fibroblast; Fibromyocyte; Macrophage; Smooth Muscle Cell"
"ENSG00000168461","Macrophages",TRUE,"Dendritic cell; Fibroblast; Fibromyocyte; Macrophage; Monocyte; Smooth Muscle Cell"
"ENSG00000168497","Immune",TRUE,"EC; Fibroblast; Fibromyocyte; Mast cell"
"ENSG00000168938","Fibroblasts",TRUE,"EC; Fibroblast; Fibromyocyte; Smooth Muscle Cell"
"ENSG00000169413","Macrophages",TRUE,"Dendritic cell; Macrophage; Monocyte; Plasma cell"
"ENSG00000169429","Macrophages",TRUE,"Dendritic cell; Macrophage; Monocyte; Neutrophil"
"ENSG00000169554","Macrophages",TRUE,"Dendritic cell; Macrophage; Mast cell; Monocyte; NK cell"
"ENSG00000169756","Immune",TRUE,"Dendritic cell; EC; Fibroblast; Fibromyocyte; Macrophage; Monocyte; Smooth Muscle Cell"
"ENSG00000169813","Macrophages",FALSE,""
"ENSG00000169851","ECs",TRUE,"EC; Fibroblast; Fibromyocyte; Smooth Muscle Cell"
"ENSG00000169908","Immune",TRUE,"EC; Fibroblast; Fibromyocyte; Smooth Muscle Cell"
"ENSG00000170017","ECs",TRUE,"Dendritic cell; Fibroblast; Fibromyocyte; Macrophage; Smooth Muscle Cell"
"ENSG00000170043","No category assigned",TRUE,"Dendritic cell"
"ENSG00000170275","ECs",TRUE,"EC; Fibroblast; Fibromyocyte; Macrophage; Monocyte; Smooth Muscle Cell"
"ENSG00000170323","SMCs",TRUE,"EC; Smooth Muscle Cell"
"ENSG00000170345","Macrophages",TRUE,"Dendritic cell; Fibroblast; Macrophage; Mast cell; Monocyte"
"ENSG00000170458","Macrophages",TRUE,"Dendritic cell; Macrophage; Monocyte"
"ENSG00000170962","Fibroblasts",TRUE,"EC; Fibroblast; Fibromyocyte; Smooth Muscle Cell"
"ENSG00000171223","SMCs",TRUE,"B cell"
"ENSG00000171860","Macrophages",TRUE,"Macrophage; Monocyte"
"ENSG00000171862","SMCs",TRUE,"Dendritic cell; Fibroblast; Fibromyocyte; Macrophage; Monocyte; Neutrophil; Smooth Muscle Cell"
"ENSG00000172201","ECs",TRUE,"Fibroblast; Fibromyocyte; Smooth Muscle Cell"
"ENSG00000172403","SMCs",TRUE,"Fibroblast; Fibromyocyte; Smooth Muscle Cell"
"ENSG00000172889","Immune",TRUE,"EC"
"ENSG00000172935","SMCs",TRUE,"Fibroblast; Fibromyocyte; Smooth Muscle Cell"
"ENSG00000173267","SMCs",TRUE,"EC; Fibroblast; Fibromyocyte; Smooth Muscle Cell"
"ENSG00000173372","Macrophages",TRUE,"Dendritic cell; Macrophage"
"ENSG00000173641","ECs",TRUE,"Fibromyocyte; Smooth Muscle Cell"
"ENSG00000173706","Immune",TRUE,"EC; Fibroblast; Fibromyocyte"
"ENSG00000173918","SMCs",TRUE,"EC; Fibroblast; Fibromyocyte; Smooth Muscle Cell"
"ENSG00000174059","Immune",TRUE,"EC; Fibroblast; Fibromyocyte"
"ENSG00000174099","ECs",TRUE,"EC; Fibroblast; Fibromyocyte; Smooth Muscle Cell"
"ENSG00000174348","Fibroblasts",TRUE,"Fibroblast; Fibromyocyte"
"ENSG00000174695","Fibroblasts",TRUE,"Dendritic cell; Fibroblast; Fibromyocyte; Macrophage; Monocyte; Plasma cell"
"ENSG00000175183","SMCs",TRUE,"EC; Fibroblast; Fibromyocyte; Smooth Muscle Cell"
"ENSG00000175899","SMCs",TRUE,"EC; Fibroblast; Fibromyocyte; Macrophage; Smooth Muscle Cell"
"ENSG00000176046","Fibroblasts",TRUE,"EC; Fibroblast; Fibromyocyte; Macrophage; Smooth Muscle Cell"
"ENSG00000176435","Immune",TRUE,"EC"
"ENSG00000176731","No category assigned",FALSE,""
"ENSG00000176971","ECs",TRUE,"Fibroblast; Fibromyocyte; Smooth Muscle Cell"
"ENSG00000177575","Macrophages",TRUE,"Macrophage; Monocyte"
"ENSG00000177606","SMCs",TRUE,"Mast cell"
"ENSG00000177879","ECs",TRUE,"Dendritic cell; Fibroblast; Fibromyocyte; Mast cell; Plasma cell; Smooth Muscle Cell"
"ENSG00000177885","Macrophages",TRUE,"B cell; Dendritic cell; Macrophage; Monocyte; Plasma cell"
"ENSG00000178695","Macrophages",TRUE,"Dendritic cell; EC; Macrophage; Monocyte"
"ENSG00000178726","Immune",TRUE,"Dendritic cell; EC; Macrophage; Monocyte"
"ENSG00000179144","Immune",TRUE,"EC; NK cell; T cell"
"ENSG00000179344","Macrophages",TRUE,"B cell; Dendritic cell; Macrophage; Monocyte"
"ENSG00000180304","SMCs",TRUE,"Dendritic cell; EC; Fibroblast; Fibromyocyte; Macrophage; Monocyte; Smooth Muscle Cell"
"ENSG00000181104","Fibroblasts",TRUE,"EC; Fibroblast; Fibromyocyte"
"ENSG00000181649","SMCs",TRUE,"Dendritic cell; Fibroblast; Fibromyocyte; Mast cell; Monocyte"
"ENSG00000182195","ECs",TRUE,"EC; Fibroblast; Fibromyocyte; Smooth Muscle Cell"
"ENSG00000182287","Macrophages",TRUE,"Dendritic cell; Macrophage; Mast cell; Monocyte"
"ENSG00000182326","Fibroblasts",TRUE,"EC; Fibroblast; Fibromyocyte; Smooth Muscle Cell"
"ENSG00000182492","ECs",TRUE,"EC; Fibroblast; Fibromyocyte; Smooth Muscle Cell"
"ENSG00000182512","SMCs",TRUE,"Dendritic cell; EC; Fibroblast; Fibromyocyte; Smooth Muscle Cell"
"ENSG00000182551","ECs",TRUE,"Fibroblast; Fibromyocyte; Plasma cell; Smooth Muscle Cell"
"ENSG00000182578","Macrophages",TRUE,"Dendritic cell; Macrophage; Monocyte"
"ENSG00000182636","SMCs",TRUE,"EC; Fibroblast; Fibromyocyte; Smooth Muscle Cell"
"ENSG00000182809","ECs",TRUE,"EC; Fibroblast; Fibromyocyte; Smooth Muscle Cell"
"ENSG00000182871","ECs",TRUE,"EC; Fibroblast; Fibromyocyte; Mast cell; Smooth Muscle Cell"
"ENSG00000183087","ECs",TRUE,"Dendritic cell; EC; Fibroblast; Fibromyocyte; Macrophage; Plasma cell; Smooth Muscle Cell"
"ENSG00000183722","SMCs",FALSE,""
"ENSG00000184060","Macrophages",TRUE,"Dendritic cell; Macrophage; Monocyte"
"ENSG00000184113","Immune",TRUE,"EC"
"ENSG00000184347","SMCs",TRUE,"Fibroblast; Fibromyocyte; Smooth Muscle Cell"
"ENSG00000184489","SMCs",TRUE,"EC; Plasma cell; Smooth Muscle Cell"
"ENSG00000184983","SMCs",TRUE,"Fibromyocyte; Plasma cell"
"ENSG00000185432","Fibroblasts",TRUE,"Dendritic cell; EC; Fibroblast; Fibromyocyte; Macrophage; Monocyte; Plasma cell; Smooth Muscle Cell"
"ENSG00000185551","SMCs",TRUE,"EC; Fibroblast; Fibromyocyte; Smooth Muscle Cell"
"ENSG00000185633","SMCs",TRUE,"Fibroblast; Fibromyocyte; Smooth Muscle Cell"
"ENSG00000185650","Macrophages",TRUE,"Macrophage; Monocyte"
"ENSG00000185862","Macrophages",TRUE,"B cell; Dendritic cell; Monocyte; Neutrophil; Plasma cell"
"ENSG00000185885","Immune",TRUE,"NK cell; T cell"
"ENSG00000186340","ECs",TRUE,"Fibroblast; Fibromyocyte; Smooth Muscle Cell"
"ENSG00000187193","ECs",TRUE,"Fibroblast; Fibromyocyte; Smooth Muscle Cell"
"ENSG00000187244","SMCs",TRUE,"EC; Fibromyocyte; Smooth Muscle Cell"
"ENSG00000187479","ECs",TRUE,"Fibroblast; Fibromyocyte; Smooth Muscle Cell"
"ENSG00000187513","SMCs",TRUE,"EC; Fibromyocyte; Smooth Muscle Cell"
"ENSG00000187955","ECs",TRUE,"Fibroblast; Fibromyocyte; Smooth Muscle Cell"
"ENSG00000188257","Fibroblasts",TRUE,"Fibroblast"
"ENSG00000188290","SMCs",TRUE,"EC; Fibroblast; Fibromyocyte; Smooth Muscle Cell"
"ENSG00000188643","Immune",TRUE,"EC; Fibroblast; Fibromyocyte; Smooth Muscle Cell"
"ENSG00000188783","Fibroblasts",TRUE,"Fibroblast; Fibromyocyte; Smooth Muscle Cell"
"ENSG00000189058","Unknown",TRUE,"EC; Fibroblast; Plasma cell"
"ENSG00000189129","Unknown",TRUE,"EC; Fibroblast; Fibromyocyte; Smooth Muscle Cell"
"ENSG00000189171","Fibroblasts",TRUE,"EC; Fibroblast; Fibromyocyte; Smooth Muscle Cell"
"ENSG00000189221","SMCs",TRUE,"EC; Fibroblast; Fibromyocyte; Smooth Muscle Cell"
"ENSG00000196126","Macrophages",TRUE,"B cell; Dendritic cell; EC; Macrophage; Monocyte"
"ENSG00000196154","Macrophages",TRUE,"Fibroblast; Fibromyocyte; Mast cell; Smooth Muscle Cell"
"ENSG00000196569","Fibroblasts",TRUE,"Fibroblast; Fibromyocyte"
"ENSG00000196616","Fibroblasts",TRUE,"Fibroblast; Fibromyocyte; Smooth Muscle Cell"
"ENSG00000196735","Macrophages",TRUE,"B cell; Dendritic cell; Macrophage; Monocyte"
"ENSG00000196924","ECs",TRUE,"Fibroblast; Fibromyocyte; Monocyte; Smooth Muscle Cell"
"ENSG00000197043","SMCs",TRUE,"Fibroblast; Fibromyocyte; Smooth Muscle Cell"
"ENSG00000197321","ECs",TRUE,"EC; Fibroblast; Fibromyocyte; Smooth Muscle Cell"
"ENSG00000197405","Macrophages",TRUE,"Macrophage; Monocyte; Neutrophil"
"ENSG00000197461","SMCs",TRUE,"EC; Fibroblast; Fibromyocyte; Smooth Muscle Cell"
"ENSG00000197614","Fibroblasts",TRUE,"Fibroblast; Fibromyocyte"
"ENSG00000197747","Immune",TRUE,"EC; Fibroblast; Macrophage; Monocyte"
"ENSG00000197766","Fibroblasts",TRUE,"Fibroblast; Macrophage; Monocyte"
"ENSG00000197943","Unknown",TRUE,"B cell; EC; Fibroblast; Fibromyocyte; Neutrophil; Smooth Muscle Cell"
"ENSG00000198168","SMCs",TRUE,"Mast cell; Plasma cell"
"ENSG00000198467","ECs",TRUE,"Fibroblast; Fibromyocyte; Smooth Muscle Cell"
"ENSG00000198502","Macrophages",TRUE,"B cell; Dendritic cell; Macrophage; Monocyte"
"ENSG00000198523","ECs",TRUE,"Fibroblast; Fibromyocyte; Smooth Muscle Cell"
"ENSG00000198542","Fibroblasts",TRUE,"Fibroblast; Fibromyocyte; Smooth Muscle Cell"
"ENSG00000198832","ECs",TRUE,"EC; Fibroblast; Fibromyocyte; Plasma cell; Smooth Muscle Cell"
"ENSG00000198959","Immune",TRUE,"EC; Fibroblast; Fibromyocyte; Smooth Muscle Cell"
"ENSG00000203883","Immune",TRUE,"EC"
"ENSG00000204103","Macrophages",TRUE,"Macrophage; Monocyte"
"ENSG00000204287","Macrophages",TRUE,"B cell; Dendritic cell; Macrophage; Monocyte"
"ENSG00000204291","Immune",TRUE,"EC; Fibroblast; Fibromyocyte"
"ENSG00000204389","Macrophages",TRUE,"Macrophage; Mast cell; Monocyte; Smooth Muscle Cell"
"ENSG00000204472","Macrophages",TRUE,"Dendritic cell; Macrophage; Monocyte; Neutrophil"
"ENSG00000204482","Macrophages",TRUE,"Dendritic cell; Macrophage; Monocyte; Neutrophil"
"ENSG00000204592","Immune",TRUE,"B cell; EC; NK cell"
"ENSG00000205302","Macrophages",TRUE,"B cell; Macrophage; Monocyte"
"ENSG00000205364","SMCs",TRUE,"Fibroblast; Fibromyocyte; Smooth Muscle Cell"
"ENSG00000211445","Fibroblasts",TRUE,"EC; Fibroblast; Fibromyocyte; Macrophage; Smooth Muscle Cell"
"ENSG00000212907","No category assigned",TRUE,"B cell; EC; Fibromyocyte; Macrophage; Mast cell; Monocyte; Smooth Muscle Cell"
"ENSG00000213088","Immune",TRUE,"EC"
"ENSG00000213145","SMCs",TRUE,"Fibromyocyte; Smooth Muscle Cell; T cell"
"ENSG00000213203","Immune",TRUE,"EC"
"ENSG00000213316","Immune",TRUE,"Dendritic cell; EC; Fibroblast; Fibromyocyte; Macrophage; Mast cell; Plasma cell"
"ENSG00000213626","SMCs",TRUE,"Fibromyocyte; Smooth Muscle Cell; T cell"
"ENSG00000213639","ECs",TRUE,"Fibroblast; Fibromyocyte; Smooth Muscle Cell"
"ENSG00000213949","ECs",TRUE,"Fibroblast; Fibromyocyte; Smooth Muscle Cell"
"ENSG00000223865","Macrophages",TRUE,"B cell; Dendritic cell; Macrophage; Monocyte"
"ENSG00000229807","Immune",FALSE,""
"ENSG00000231389","Macrophages",TRUE,"B cell; Dendritic cell; Macrophage; Monocyte"
"ENSG00000234745","Immune",FALSE,""
"ENSG00000235162","ECs",TRUE,"Dendritic cell; Fibromyocyte; NK cell; Smooth Muscle Cell"
"ENSG00000240583","Immune",TRUE,"EC; Fibroblast; Fibromyocyte; Smooth Muscle Cell"
"ENSG00000242574","Macrophages",TRUE,"B cell; Dendritic cell; Macrophage; Monocyte"
"ENSG00000249751","Immune",FALSE,""
"ENSG00000250479","SMCs",TRUE,"B cell; Dendritic cell; Fibroblast; Fibromyocyte; Macrophage; Plasma cell; Smooth Muscle Cell"
"ENSG00000250722","Macrophages",TRUE,"EC; Fibroblast; Macrophage"
"ENSG00000261371","Immune",TRUE,"EC; Macrophage; Monocyte; Neutrophil; Plasma cell"
"ENSG00000265972","Immune",TRUE,"NK cell"
"ENSG00000275302","Macrophages",TRUE,"Macrophage; Monocyte; NK cell; T cell"
"ENSG00000275395","Macrophages",TRUE,"Macrophage"
"ENSG00000277443","Macrophages",TRUE,"B cell; EC; Fibroblast; Macrophage; Monocyte; Neutrophil; Plasma cell"
"ENSG00000277632","Macrophages",TRUE,"Dendritic cell; Macrophage; Monocyte; NK cell"
