"gene","symbol","ElasticNet_n_folds_selected","LASSO_n_folds_selected","RandomForest_n_folds_selected","XGBoost_combined_n_folds_selected","ElasticNet_mean_importance","LASSO_mean_importance","RandomForest_mean_importance","XGBoost_combined_mean_importance","ElasticNet_mean_fold_rank","LASSO_mean_fold_rank","RandomForest_mean_fold_rank","XGBoost_combined_mean_fold_rank","n_models_selected_all_folds","n_models_selected_5plus_folds","n_models_selected_any_fold","models_selected_all_folds","mean_rank_across_models"
"ENSG00000011465","DCN",6,6,6,6,0.450281034836221,0.491311099943842,24.1154768649704,-2.5,1,2,2.5,2.33333333333333,4,4,4,"RandomForest, LASSO, ElasticNet, XGBoost_combined",1.95833333333333
"ENSG00000261371","PECAM1",6,6,6,6,0.376359909760922,0.536361058444354,18.6640533188991,-2.66666666666667,2,1.5,16.3333333333333,2.5,4,4,4,"RandomForest, LASSO, ElasticNet, XGBoost_combined",5.58333333333333
"ENSG00000115457","IGFBP2",6,6,6,6,0.264456668614803,0.287875327792324,19.3530982906083,-18.0833333333333,10,13.8333333333333,12.8333333333333,12.1666666666667,4,4,4,"RandomForest, LASSO, ElasticNet, XGBoost_combined",12.2083333333333
"ENSG00000143196","DPT",6,6,6,6,0.263793519636232,0.276907505711877,19.2112566618416,-18.0833333333333,9.83333333333333,16.5,13.3333333333333,12.8333333333333,4,4,4,"RandomForest, LASSO, ElasticNet, XGBoost_combined",13.125
"ENSG00000074181","NOTCH3",6,6,6,6,0.237319726232851,0.263510052393035,17.829167143057,-4.58333333333333,15.6666666666667,18,21.5,4,4,4,4,"RandomForest, LASSO, ElasticNet, XGBoost_combined",14.7916666666667
"ENSG00000077942","FBLN1",6,6,6,6,0.204319675409458,0.218873729343033,22.8858790208337,-7.83333333333333,28.8333333333333,32.6666666666667,3,6,4,4,4,"RandomForest, LASSO, ElasticNet, XGBoost_combined",17.625
"ENSG00000204472","AIF1",6,6,6,6,0.281509584543537,0.436497354895707,15.7156143212196,-14.4166666666667,11,3.33333333333333,49.3333333333333,9.66666666666667,4,4,4,"RandomForest, LASSO, ElasticNet, XGBoost_combined",18.3333333333333
"ENSG00000149591","TAGLN",6,6,6,6,0.231951507128504,0.302649431198219,17.3009618522251,-31.3333333333333,16.5,13.5,24.6666666666667,23.5,4,4,4,"RandomForest, LASSO, ElasticNet, XGBoost_combined",19.5416666666667
"ENSG00000162618","ADGRL4",6,6,6,6,0.258860229581663,0.293578531954737,16.5371477400029,-31.1666666666667,11.1666666666667,12.5,34.3333333333333,22.8333333333333,4,4,4,"RandomForest, LASSO, ElasticNet, XGBoost_combined",20.2083333333333
"ENSG00000176435","CLEC14A",6,6,6,6,0.271204052705296,0.306505852019608,17.0958919529588,-49,9.33333333333333,11.8333333333333,28.6666666666667,39,4,4,4,"RandomForest, LASSO, ElasticNet, XGBoost_combined",22.2083333333333
"ENSG00000008394","MGST1",6,6,6,6,0.234651887957839,0.244675677650397,17.7659122229932,-38.25,16,22.5,24.6666666666667,28.6666666666667,4,4,4,"RandomForest, LASSO, ElasticNet, XGBoost_combined",22.9583333333333
"ENSG00000078596","ITM2A",6,6,6,6,0.220951268903577,0.289073703321839,19.9249499104725,-57.6666666666667,21,13.8333333333333,8.33333333333333,48.8333333333333,4,4,4,"RandomForest, LASSO, ElasticNet, XGBoost_combined",23
"ENSG00000249751","ECSCR",5,5,5,5,0.251557242343792,0.28486372784114,15.3485175781657,-33.4,11,13,51.8,25.4,0,4,4,"",25.3
"ENSG00000189129","PLAC9",6,6,6,6,0.222384368570824,0.273241406184111,17.0800657916282,-52.0833333333333,20.3333333333333,17.8333333333333,29.6666666666667,43,4,4,4,"RandomForest, LASSO, ElasticNet, XGBoost_combined",27.7083333333333
"ENSG00000110799","VWF",6,6,6,6,0.238517282252672,0.252029426241057,15.4976979140831,-25.6666666666667,16.8333333333333,26.6666666666667,48.5,19.8333333333333,4,4,4,"RandomForest, LASSO, ElasticNet, XGBoost_combined",27.9583333333333
"ENSG00000120885","CLU",6,6,6,6,0.16122977104813,0.188843765555991,18.9086475456406,-11.4166666666667,47.5,44,13.8333333333333,7.5,4,4,4,"RandomForest, LASSO, ElasticNet, XGBoost_combined",28.2083333333333
"ENSG00000140092","FBLN5",6,6,6,6,0.187347326816723,0.218486363606772,17.5522083667824,-40.9166666666667,34,32,24.8333333333333,31.6666666666667,4,4,4,"RandomForest, LASSO, ElasticNet, XGBoost_combined",30.625
"ENSG00000101335","MYL9",0,0,6,6,NA,NA,16.8850569292014,-41.5833333333333,NA,NA,31,33.8333333333333,2,2,2,"RandomForest, XGBoost_combined",32.4166666666667
"ENSG00000130300","PLVAP",6,6,6,6,0.193302591026569,0.206432362292611,15.9575745199687,-30.0833333333333,30.8333333333333,37.6666666666667,41.3333333333333,22.3333333333333,4,4,4,"RandomForest, LASSO, ElasticNet, XGBoost_combined",33.0416666666667
"ENSG00000181649","PHLDA2",6,6,6,6,0.219705736837996,0.233603785363314,18.1867721254856,-80.8333333333333,20.5,26.8333333333333,19.8333333333333,67.6666666666667,4,4,4,"RandomForest, LASSO, ElasticNet, XGBoost_combined",33.7083333333333
"ENSG00000185551","NR2F2",6,6,6,6,0.245052109663006,0.29893042935858,13.7714972556476,-24.8333333333333,15,12.1666666666667,91.6666666666667,17.3333333333333,4,4,4,"RandomForest, LASSO, ElasticNet, XGBoost_combined",34.0416666666667
"ENSG00000172889","EGFL7",6,6,6,6,0.242125531121624,0.2928296717473,16.1156690824498,-72.25,16.1666666666667,15,43.6666666666667,61.6666666666667,4,4,4,"RandomForest, LASSO, ElasticNet, XGBoost_combined",34.125
"ENSG00000165949","IFI27",6,6,6,6,0.234022026033579,0.276233278251352,14.1800950073465,-31.4166666666667,18.3333333333333,20.1666666666667,77.5,24.5,4,4,4,"RandomForest, LASSO, ElasticNet, XGBoost_combined",35.125
"ENSG00000170323","FABP4",6,6,6,6,0.153262391104685,0.169846068258801,27.0347831103838,-20.0833333333333,66,67.5,1,13.8333333333333,4,4,4,"RandomForest, LASSO, ElasticNet, XGBoost_combined",37.0833333333333
"ENSG00000179144","GIMAP7",6,6,6,6,0.19750545679028,0.232770666511396,16.1627060132941,-72.5833333333333,29.1666666666667,27,41.1666666666667,61.5,4,4,4,"RandomForest, LASSO, ElasticNet, XGBoost_combined",39.7083333333333
"ENSG00000103196","CRISPLD2",0,0,1,0,NA,NA,15.2637613456679,NA,NA,NA,42,NA,0,0,1,"",42
"ENSG00000077943","ITGA8",6,6,6,6,0.160838279665045,0.171810724963343,14.7235175715242,-6.25,47.8333333333333,52.5,63.6666666666667,5.16666666666667,4,4,4,"RandomForest, LASSO, ElasticNet, XGBoost_combined",42.2916666666667
"ENSG00000130203","APOE",6,6,6,6,0.189017675751287,0.221041922019634,14.5231489983267,-45.0833333333333,34.8333333333333,33.1666666666667,70.6666666666667,36,4,4,4,"RandomForest, LASSO, ElasticNet, XGBoost_combined",43.6666666666667
"ENSG00000203883","SOX18",6,6,6,6,0.203939825353944,0.22115669529821,17.1285168977183,-100.5,27.8333333333333,33.5,29.5,86.3333333333333,4,4,4,"RandomForest, LASSO, ElasticNet, XGBoost_combined",44.2916666666667
"ENSG00000132329","RAMP1",6,6,6,6,0.167334097003868,0.173778720723244,14.5853407870672,-26.5833333333333,43.8333333333333,50.1666666666667,68,20.1666666666667,4,4,4,"RandomForest, LASSO, ElasticNet, XGBoost_combined",45.5416666666667
"ENSG00000198467","TPM2",6,6,6,6,0.13660233575989,0.153866089492568,17.5559231169182,-33.6666666666667,69.3333333333333,70.5,23.5,24.8333333333333,4,4,4,"RandomForest, LASSO, ElasticNet, XGBoost_combined",47.0416666666667
"ENSG00000182492","BGN",6,6,6,6,0.145472849431724,0.195885760420878,14.236045579527,-15.5833333333333,65.6666666666667,51.8333333333333,72.6666666666667,10.5,4,4,4,"RandomForest, LASSO, ElasticNet, XGBoost_combined",50.1666666666667
"ENSG00000117632","STMN1",6,6,6,6,0.193926990425857,0.221806731736706,12.955626007691,-55,31.5,31.5,112.166666666667,44.6666666666667,4,4,4,"RandomForest, LASSO, ElasticNet, XGBoost_combined",54.9583333333333
"ENSG00000076706","MCAM",6,6,6,6,0.211517166298284,0.238831724275282,12.1618968594166,-38,23.3333333333333,24.8333333333333,148.166666666667,30.5,4,4,4,"RandomForest, LASSO, ElasticNet, XGBoost_combined",56.7083333333333
"ENSG00000105655","ISYNA1",6,6,6,6,0.179023525488807,0.195020386914563,13.5159226060418,-66.75,38.5,42,95,56,4,4,4,"RandomForest, LASSO, ElasticNet, XGBoost_combined",57.875
"ENSG00000132386","SERPINF1",6,6,6,6,0.118616931585469,0.126703077354705,22.5458434508791,-47,96.1666666666667,99.5,5.16666666666667,38.1666666666667,4,4,4,"RandomForest, LASSO, ElasticNet, XGBoost_combined",59.75
"ENSG00000131477","RAMP2",6,6,6,6,0.17359611246439,0.168987299873941,15.8169038815475,-97.0833333333333,42.1666666666667,73.3333333333333,45,83.3333333333333,4,4,4,"RandomForest, LASSO, ElasticNet, XGBoost_combined",60.9583333333333
"ENSG00000164687","FABP5",6,6,6,6,0.142657104600325,0.147165827755445,19.155676311145,-122.666666666667,62,67.8333333333333,12,108.5,4,4,4,"RandomForest, LASSO, ElasticNet, XGBoost_combined",62.5833333333333
"ENSG00000127954","STEAP4",6,6,6,6,0.107443184563142,0.11667211406193,18.3488568229643,-49.0833333333333,102.166666666667,96.1666666666667,17.1666666666667,39.1666666666667,4,4,4,"RandomForest, LASSO, ElasticNet, XGBoost_combined",63.6666666666667
"ENSG00000175899","A2M",6,6,6,6,0.136964837534914,0.163070381917398,13.8805381119372,-49.25,65.8333333333333,56.1666666666667,95,37.8333333333333,4,4,4,"RandomForest, LASSO, ElasticNet, XGBoost_combined",63.7083333333333
"ENSG00000168079","SCARA5",1,1,1,1,0.154760855321777,0.165820196570534,14.2324524886295,-122,44,47,62,108,0,0,4,"",65.25
"ENSG00000187513","GJA4",5,5,5,5,0.133695075393126,0.146825680215987,15.2837428395541,-94.8,67,66.2,54,81.8,0,4,4,"",67.25
"ENSG00000115461","IGFBP5",6,6,6,6,0.209796665341256,0.246885729324149,11.3518825688164,-55.5833333333333,24.6666666666667,23.1666666666667,185.833333333333,46.3333333333333,4,4,4,"RandomForest, LASSO, ElasticNet, XGBoost_combined",70
"ENSG00000115414","FN1",6,6,6,6,0.099762040440345,0.10943621210165,20.302648393411,-27,128.166666666667,122.833333333333,10.3333333333333,19.5,4,4,4,"RandomForest, LASSO, ElasticNet, XGBoost_combined",70.2083333333333
"ENSG00000119681","LTBP2",6,6,6,6,0.128108944643264,0.13730872645425,14.4475982066806,-82.75,76.8333333333333,79.3333333333333,70,71.1666666666667,4,4,4,"RandomForest, LASSO, ElasticNet, XGBoost_combined",74.3333333333333
"ENSG00000100234","TIMP3",6,6,6,6,0.102394815273261,0.102800907014529,21.0488305157473,-69.4166666666667,123.333333333333,127.666666666667,6.83333333333333,57.5,4,4,4,"RandomForest, LASSO, ElasticNet, XGBoost_combined",78.8333333333333
"ENSG00000186340","THBS2",6,6,6,6,0.114077323130292,0.114054324788538,16.6989712504971,-102.583333333333,91,101,34.8333333333333,89.1666666666667,4,4,4,"RandomForest, LASSO, ElasticNet, XGBoost_combined",79
"ENSG00000136999","CCN3",6,6,6,6,0.101888193539095,0.112107827943564,16.9575976431819,-75.1666666666667,116.5,107.5,31.5,63,4,4,4,"RandomForest, LASSO, ElasticNet, XGBoost_combined",79.625
"ENSG00000109099","PMP22",0,0,6,6,NA,NA,13.6827854574517,-72.1666666666667,NA,NA,99.5,60.8333333333333,2,2,2,"RandomForest, XGBoost_combined",80.1666666666667
"ENSG00000188290","HES4",6,6,6,6,0.18809683847443,0.196998998257702,11.835671047505,-99.5833333333333,34,42.1666666666667,162.5,87.8333333333333,4,4,4,"RandomForest, LASSO, ElasticNet, XGBoost_combined",81.625
"ENSG00000106809","OGN",6,6,6,6,0.118149854806846,0.134142947503006,14.296146418582,-108.166666666667,84.1666666666667,76.5,74.3333333333333,94.6666666666667,4,4,4,"RandomForest, LASSO, ElasticNet, XGBoost_combined",82.4166666666667
"ENSG00000158869","FCER1G",4,1,6,6,0.0764148873106626,0.134710989715924,14.2935808566689,-20.0833333333333,185,66,72.5,15.1666666666667,2,2,4,"RandomForest, XGBoost_combined",84.6666666666667
"ENSG00000140285","FGF7",6,6,6,6,0.109518898471256,0.11157545136894,19.4492639473586,-115.25,112.166666666667,115,10.6666666666667,102.833333333333,4,4,4,"RandomForest, LASSO, ElasticNet, XGBoost_combined",85.1666666666667
"ENSG00000139329","LUM",6,6,6,6,0.104724343361315,0.115556528201574,15.703137129316,-101.166666666667,107.333333333333,99.8333333333333,44.5,89.1666666666667,4,4,4,"RandomForest, LASSO, ElasticNet, XGBoost_combined",85.2083333333333
"ENSG00000140545","MFGE8",6,6,6,6,0.090389062817566,0.0927756058125249,15.6208482691316,-36.1666666666667,137.166666666667,137.666666666667,48.3333333333333,27.1666666666667,4,4,4,"RandomForest, LASSO, ElasticNet, XGBoost_combined",87.5833333333333
"ENSG00000120708","TGFBI",6,6,6,6,0.150059545347863,0.161054434875274,12.891076753138,-141.166666666667,54.8333333333333,57.1666666666667,121.333333333333,125.666666666667,4,4,4,"RandomForest, LASSO, ElasticNet, XGBoost_combined",89.75
"ENSG00000111341","MGP",6,5,6,6,0.0833789866599179,0.123508082604226,18.8999793841133,-34,198.833333333333,119.4,15.3333333333333,26.1666666666667,3,4,4,"RandomForest, ElasticNet, XGBoost_combined",89.9333333333333
"ENSG00000133110","POSTN",6,6,6,6,0.143091386192252,0.156405035876986,12.22420706705,-116.833333333333,57.8333333333333,59.3333333333333,143.333333333333,103,4,4,4,"RandomForest, LASSO, ElasticNet, XGBoost_combined",90.875
"ENSG00000135916","ITM2C",6,6,6,6,0.197440878086506,0.227541553798297,11.2457097002992,-121.583333333333,33.3333333333333,32.5,193.5,105.166666666667,4,4,4,"RandomForest, LASSO, ElasticNet, XGBoost_combined",91.125
"ENSG00000185633","COXFA4L2",6,6,6,6,0.145625179178746,0.145658261433935,11.4147938668156,-65.3333333333333,59.3333333333333,67.5,184.333333333333,54,4,4,4,"RandomForest, LASSO, ElasticNet, XGBoost_combined",91.2916666666667
"ENSG00000196616","ADH1B",6,6,6,6,0.14449987599059,0.173922253210439,12.1307598915152,-115.833333333333,62.1666666666667,54.5,147.833333333333,100.833333333333,4,4,4,"RandomForest, LASSO, ElasticNet, XGBoost_combined",91.3333333333333
"ENSG00000134533","RERG",4,4,0,4,0.161230683143002,0.170463586503059,NA,-189.125,49.5,54.75,NA,171.25,0,0,3,"",91.8333333333333
"ENSG00000188783","PRELP",6,6,6,6,0.120481611831321,0.136242342411645,13.7757471304847,-134.916666666667,83.5,77.3333333333333,87.5,121.666666666667,4,4,4,"RandomForest, LASSO, ElasticNet, XGBoost_combined",92.5
"ENSG00000099260","PALMD",6,6,6,6,0.17641643700481,0.183685569650289,14.6113376225011,-247.666666666667,41.1666666666667,47.8333333333333,66.5,225.333333333333,4,4,4,"RandomForest, LASSO, ElasticNet, XGBoost_combined",95.2083333333333
"ENSG00000149564","ESAM",6,6,6,6,0.111125492999017,0.116139689350294,15.3166112320662,-142.25,99,101.833333333333,53.3333333333333,126.833333333333,4,4,4,"RandomForest, LASSO, ElasticNet, XGBoost_combined",95.25
"ENSG00000124491","F13A1",5,5,6,5,0.226377584321739,0.267292008640656,11.3976315673303,-190.2,20.6,20.2,190.333333333333,169.4,1,4,4,"RandomForest",100.133333333333
"ENSG00000125868","DSTN",6,6,6,6,0.105313776756407,0.115793629686502,14.9746988488916,-98.1666666666667,127,128.166666666667,60.8333333333333,85.8333333333333,4,4,4,"RandomForest, LASSO, ElasticNet, XGBoost_combined",100.458333333333
"ENSG00000066336","SPI1",6,6,4,6,0.28196992423297,0.350741840144502,9.57687220402203,-98.5,7.66666666666667,6.66666666666667,307.75,88,3,3,4,"LASSO, ElasticNet, XGBoost_combined",102.520833333333
"ENSG00000204482","LST1",2,2,0,2,0.21500118532751,0.234411726471486,NA,-279.25,22,27,NA,262,0,0,3,"",103.666666666667
"ENSG00000133392","MYH11",0,0,6,6,NA,NA,12.4477773646816,-96.1666666666667,NA,NA,134.166666666667,81.8333333333333,2,2,2,"RandomForest, XGBoost_combined",108
"ENSG00000142173","COL6A2",0,0,6,6,NA,NA,11.7231792824285,-71.9166666666667,NA,NA,164.833333333333,58,2,2,2,"RandomForest, XGBoost_combined",111.416666666667
"ENSG00000141753","IGFBP4",6,6,6,6,0.077377212810714,0.083348715813422,17.2493402284795,-110,168.166666666667,157,26.5,94.3333333333333,4,4,4,"RandomForest, LASSO, ElasticNet, XGBoost_combined",111.5
"ENSG00000111885","MAN1A1",1,1,0,0,0.103507725379424,0.115402028129385,NA,NA,116,111,NA,NA,0,0,2,"",113.5
"ENSG00000144810","COL8A1",6,6,6,6,0.0744991140514139,0.0777331116584359,17.5470287419904,-54.3333333333333,199.166666666667,189.333333333333,23.5,45,4,4,4,"RandomForest, LASSO, ElasticNet, XGBoost_combined",114.25
"ENSG00000106565","TMEM176B",6,5,6,6,0.0917080327195033,0.108494830338506,14.9058227798992,-133.083333333333,165.666666666667,117.2,57.5,119,3,4,4,"RandomForest, ElasticNet, XGBoost_combined",114.841666666667
"ENSG00000064989","CALCRL",6,6,6,6,0.191657766450568,0.224282340246511,9.9023998974292,-139.583333333333,31.1666666666667,30.1666666666667,286.5,123.333333333333,4,4,4,"RandomForest, LASSO, ElasticNet, XGBoost_combined",117.791666666667
"ENSG00000182871","COL18A1",6,6,6,6,0.0929953020431841,0.102089214044994,13.3908367524854,-130.583333333333,132.833333333333,119.5,104,115.666666666667,4,4,4,"RandomForest, LASSO, ElasticNet, XGBoost_combined",118
"ENSG00000159251","ACTC1",5,5,4,5,0.162597703110895,0.172184032136952,10.695635970106,-158.7,49.6,53.8,231,140.4,0,3,4,"",118.7
"ENSG00000068001","HYAL2",6,6,6,6,0.137000443510857,0.12366616637948,12.409857273088,-201,66.6666666666667,92.3333333333333,135.166666666667,181.666666666667,4,4,4,"RandomForest, LASSO, ElasticNet, XGBoost_combined",118.958333333333
"ENSG00000110077","MS4A6A",1,1,6,6,0.181024838035256,0.215935384805687,11.057725744091,-214.666666666667,39,37,207.166666666667,194,2,2,4,"RandomForest, XGBoost_combined",119.291666666667
"ENSG00000133639","BTG1",6,6,6,6,0.0899224407599215,0.0936853558703857,11.9964560784502,-60.8333333333333,136.333333333333,136.166666666667,157,51,4,4,4,"RandomForest, LASSO, ElasticNet, XGBoost_combined",120.125
"ENSG00000250722","SELENOP",6,6,6,6,0.0903483393231598,0.0953309559662923,13.508208068543,-139.25,137.333333333333,132.666666666667,98,120.666666666667,4,4,4,"RandomForest, LASSO, ElasticNet, XGBoost_combined",122.166666666667
"ENSG00000184113","CLDN5",6,6,6,6,0.108361381860009,0.0917462039717717,15.4143065939958,-214.5,103.166666666667,142.166666666667,50.3333333333333,196.833333333333,4,4,4,"RandomForest, LASSO, ElasticNet, XGBoost_combined",123.125
"ENSG00000094963","FMO2",6,6,0,6,0.125608949170779,0.130524322570905,NA,-220,81.5,85.5,NA,203.333333333333,3,3,3,"LASSO, ElasticNet, XGBoost_combined",123.444444444444
"ENSG00000182326","C1S",0,0,6,6,NA,NA,12.0535206543659,-109.416666666667,NA,NA,151.166666666667,97.3333333333333,2,2,2,"RandomForest, XGBoost_combined",124.25
"ENSG00000109472","CPE",6,6,2,6,0.202926766957396,0.257291931608412,8.89304780329175,-85.9166666666667,28.5,22,374,73.1666666666667,3,3,4,"LASSO, ElasticNet, XGBoost_combined",124.416666666667
"ENSG00000163563","MNDA",5,5,4,5,0.2723494425782,0.313711056719999,9.00108514884943,-124.8,9.6,10.2,368.5,110,0,3,4,"",124.575
"ENSG00000136167","LCP1",6,6,6,6,0.149388647062961,0.168068290064347,10.2220237947868,-134,59.5,58.5,267.166666666667,116.833333333333,4,4,4,"RandomForest, LASSO, ElasticNet, XGBoost_combined",125.5
"ENSG00000081237","PTPRC",5,5,6,6,0.121780808603186,0.172776898790493,10.1794923822522,-97,92,60.8,271.5,82,2,4,4,"RandomForest, XGBoost_combined",126.575
"ENSG00000122862","SRGN",6,6,6,6,0.0959761655829728,0.097281813046385,12.6972644127839,-147.416666666667,125.5,129.5,122.166666666667,129.666666666667,4,4,4,"RandomForest, LASSO, ElasticNet, XGBoost_combined",126.708333333333
"ENSG00000010278","CD9",0,0,6,6,NA,NA,13.2058152264023,-166.416666666667,NA,NA,104.666666666667,149.833333333333,2,2,2,"RandomForest, XGBoost_combined",127.25
"ENSG00000135744","AGT",6,6,6,6,0.103418445400775,0.103772530004304,11.1057978885239,-95.0833333333333,111.333333333333,118.5,198.333333333333,82,4,4,4,"RandomForest, LASSO, ElasticNet, XGBoost_combined",127.541666666667
"ENSG00000132965","ALOX5AP",6,6,6,6,0.106554073596526,0.119699004068002,12.128252526668,-124.916666666667,124.666666666667,124.666666666667,155.833333333333,108,4,4,4,"RandomForest, LASSO, ElasticNet, XGBoost_combined",128.291666666667
"ENSG00000185885","IFITM1",6,6,6,6,0.126743955313574,0.132331297847418,11.8156640601655,-218.083333333333,76.3333333333333,80.5,165.666666666667,196.5,4,4,4,"RandomForest, LASSO, ElasticNet, XGBoost_combined",129.75
"ENSG00000167641","PPP1R14A",6,6,6,6,0.0730320740139984,0.0689654108584794,15.3609595818279,-37.5,208.666666666667,235,51.6666666666667,29,4,4,4,"RandomForest, LASSO, ElasticNet, XGBoost_combined",131.083333333333
"ENSG00000047457","CP",6,6,0,6,0.105502649054828,0.106466779753824,NA,-178.416666666667,111.833333333333,122,NA,161.166666666667,3,3,3,"LASSO, ElasticNet, XGBoost_combined",131.666666666667
"ENSG00000250479","CHCHD10",6,6,6,6,0.114739227338589,0.118433578830224,12.1514306714053,-208.916666666667,90.5,93,156.666666666667,190.166666666667,4,4,4,"RandomForest, LASSO, ElasticNet, XGBoost_combined",132.583333333333
"ENSG00000134853","PDGFRA",6,6,6,6,0.0769780264894702,0.0829960125577243,14.0564393394235,-141.75,170.666666666667,154.333333333333,79.6666666666667,127.166666666667,4,4,4,"RandomForest, LASSO, ElasticNet, XGBoost_combined",132.958333333333
"ENSG00000163710","PCOLCE2",6,6,6,6,0.0779892767385443,0.0981080169350223,13.9051551960728,-155.083333333333,172.666666666667,136.666666666667,85.8333333333333,140.333333333333,4,4,4,"RandomForest, LASSO, ElasticNet, XGBoost_combined",133.875
"ENSG00000118849","RARRES1",6,6,6,6,0.127613102388588,0.128765859472054,13.2763762154426,-302.416666666667,75.1666666666667,83.6666666666667,103.166666666667,278.666666666667,4,4,4,"RandomForest, LASSO, ElasticNet, XGBoost_combined",135.166666666667
"ENSG00000116016","EPAS1",6,6,6,6,0.0981815107051151,0.109762295114522,11.5059207919131,-144.416666666667,122.5,117.166666666667,181.833333333333,124.5,4,4,4,"RandomForest, LASSO, ElasticNet, XGBoost_combined",136.5
"ENSG00000123358","NR4A1",6,6,6,6,0.0897601342628867,0.0911385728195648,12.9115953020642,-161.083333333333,139.5,140,125.666666666667,143.333333333333,4,4,4,"RandomForest, LASSO, ElasticNet, XGBoost_combined",137.125
"ENSG00000074416","MGLL",6,6,6,6,0.123047976229938,0.125251134780074,11.7155047370389,-207.833333333333,86.5,94.1666666666667,183,186.833333333333,4,4,4,"RandomForest, LASSO, ElasticNet, XGBoost_combined",137.625
"ENSG00000163520","FBLN2",6,6,6,6,0.119192328087616,0.130095410955127,11.7893642157906,-229.916666666667,88.5,87,168,211,4,4,4,"RandomForest, LASSO, ElasticNet, XGBoost_combined",138.625
"ENSG00000143226","FCGR2A",6,5,6,6,0.0845673557126817,0.0917458073525169,13.0919703066211,-130.75,162.666666666667,167.2,114.166666666667,114.5,3,4,4,"RandomForest, ElasticNet, XGBoost_combined",139.633333333333
"ENSG00000129226","CD68",6,6,6,6,0.15738978329838,0.21953386459585,10.083332548514,-224.583333333333,49.5,33,273,206.333333333333,4,4,4,"RandomForest, LASSO, ElasticNet, XGBoost_combined",140.458333333333
"ENSG00000127528","KLF2",6,6,6,6,0.0919599276065817,0.0903578116733326,13.9240180025262,-200.416666666667,138.5,145,103.5,179.666666666667,4,4,4,"RandomForest, LASSO, ElasticNet, XGBoost_combined",141.666666666667
"ENSG00000051523","CYBA",6,6,6,6,0.120401422963094,0.150366101138256,9.6848040742808,-100.666666666667,97.8333333333333,77.8333333333333,307.333333333333,88.5,4,4,4,"RandomForest, LASSO, ElasticNet, XGBoost_combined",142.875
"ENSG00000197747","S100A10",6,6,6,6,0.0812469064457328,0.081079459223594,12.939220714085,-104.666666666667,175.5,185.666666666667,121.333333333333,90.3333333333333,4,4,4,"RandomForest, LASSO, ElasticNet, XGBoost_combined",143.208333333333
"ENSG00000115956","PLEK",3,3,2,3,0.185350642942985,0.205841043608773,9.3261871019851,-196.166666666667,37,38.6666666666667,320,178,0,0,4,"",143.416666666667
"ENSG00000011600","TYROBP",4,0,6,6,0.0468720293386551,NA,13.287863629433,-1,334,NA,101.833333333333,1,2,2,3,"RandomForest, XGBoost_combined",145.611111111111
"ENSG00000170458","CD14",6,6,6,6,0.0931613532196395,0.0879585455128446,10.8603493612988,-75.5,136.333333333333,161.333333333333,221.666666666667,65.6666666666667,4,4,4,"RandomForest, LASSO, ElasticNet, XGBoost_combined",146.25
"ENSG00000130176","CNN1",6,6,6,6,0.0986347118304837,0.113944642313337,10.8900322820871,-171.416666666667,120.333333333333,108.5,211.5,152.833333333333,4,4,4,"RandomForest, LASSO, ElasticNet, XGBoost_combined",148.291666666667
"ENSG00000187193","MT1X",6,6,6,6,0.122658703154213,0.132572495876367,9.27754474675164,-94.0833333333333,83.6666666666667,83,348.333333333333,80.1666666666667,4,4,4,"RandomForest, LASSO, ElasticNet, XGBoost_combined",148.791666666667
"ENSG00000123384","LRP1",6,6,6,6,0.0696566982249674,0.0651094666929837,13.1080797591435,-103.583333333333,193.166666666667,203.666666666667,112.5,87.8333333333333,4,4,4,"RandomForest, LASSO, ElasticNet, XGBoost_combined",149.291666666667
"ENSG00000148053","NTRK2",5,5,5,5,0.0774121605781451,0.0771602364158353,14.082381261395,-191.1,170.2,172.8,79.8,177.6,0,4,4,"",150.1
"ENSG00000106624","AEBP1",4,4,6,6,0.0767888446540733,0.0820657841827527,12.0994901332786,-139.666666666667,170.75,160,149,121.333333333333,2,2,4,"RandomForest, XGBoost_combined",150.270833333333
"ENSG00000151491","EPS8",6,6,6,6,0.08761076006938,0.0918862246612266,11.6904052534267,-154.833333333333,147.166666666667,142,174.833333333333,138.5,4,4,4,"RandomForest, LASSO, ElasticNet, XGBoost_combined",150.625
"ENSG00000240583","AQP1",6,6,6,6,0.0714636142884145,0.0737206999212521,13.5018017544247,-167.583333333333,184.166666666667,176.166666666667,92.5,150.166666666667,4,4,4,"RandomForest, LASSO, ElasticNet, XGBoost_combined",150.75
"ENSG00000174059","CD34",6,6,6,6,0.0798670745201882,0.0840772936710563,12.6841587675054,-168.666666666667,168.833333333333,160.333333333333,125.5,150.833333333333,4,4,4,"RandomForest, LASSO, ElasticNet, XGBoost_combined",151.375
"ENSG00000152518","ZFP36L2",6,6,6,6,0.0996385493313878,0.103764784041715,10.373739888408,-140.833333333333,116.833333333333,115.833333333333,253.5,123.5,4,4,4,"RandomForest, LASSO, ElasticNet, XGBoost_combined",152.416666666667
"ENSG00000167642","SPINT2",0,0,6,4,NA,NA,15.9114511790721,-287.625,NA,NA,44.8333333333333,266.75,1,1,2,"RandomForest",155.791666666667
"ENSG00000100097","LGALS1",6,6,5,6,0.11601638655046,0.129065768771072,9.77557497995813,-142.916666666667,97.6666666666667,92.5,307,127.166666666667,3,4,4,"LASSO, ElasticNet, XGBoost_combined",156.083333333333
"ENSG00000038427","VCAN",5,5,6,6,0.0431212416291796,0.0449353839083107,19.3495420946979,-34,308.2,280.4,12.5,26.5,2,4,4,"RandomForest, XGBoost_combined",156.9
"ENSG00000157557","ETS2",6,6,6,6,0.112765778511285,0.122091383005684,9.38002389926447,-125.416666666667,95.1666666666667,93.5,330,109.166666666667,4,4,4,"RandomForest, LASSO, ElasticNet, XGBoost_combined",156.958333333333
"ENSG00000184489","PTP4A3",5,5,5,5,0.074259537260156,0.0723297244316549,11.5312940538976,-93.1,181.4,185.8,179.6,81.6,0,4,4,"",157.1
"ENSG00000179344","HLA-DQB1",6,6,6,6,0.117065371896719,0.146987031332234,10.4124771000311,-238.916666666667,96.6666666666667,81.1666666666667,240.166666666667,217.833333333333,4,4,4,"RandomForest, LASSO, ElasticNet, XGBoost_combined",158.958333333333
"ENSG00000125730","C3",6,6,6,3,0.134515505435628,0.144247650726306,13.6942212494206,-428.166666666667,72.8333333333333,74.5,92.5,399,3,3,4,"RandomForest, LASSO, ElasticNet",159.708333333333
"ENSG00000163017","ACTG2",6,6,6,6,0.134108949096632,0.146049972810895,8.72224814221366,-121,70.5,69.3333333333333,391.333333333333,108.5,4,4,4,"RandomForest, LASSO, ElasticNet, XGBoost_combined",159.916666666667
"ENSG00000122786","CALD1",1,0,6,6,0.0375417545303054,NA,15.8547116154453,-54.9166666666667,392,NA,44.1666666666667,45.1666666666667,2,2,3,"RandomForest, XGBoost_combined",160.444444444444
"ENSG00000275302","CCL4",1,1,6,0,0.0829221990000578,0.0896540293524064,11.7111981717149,NA,160,151,172.5,NA,1,1,3,"RandomForest",161.166666666667
"ENSG00000198502","HLA-DRB5",3,3,2,3,0.193464219603441,0.241467839278964,7.98150995808245,-150.833333333333,28.6666666666667,22.3333333333333,460,134,0,0,4,"",161.25
"ENSG00000149131","SERPING1",6,6,6,6,0.0645676587813691,0.0705722705554678,12.0722919152604,-62.1666666666667,225.333333333333,215.666666666667,152.166666666667,53.3333333333333,4,4,4,"RandomForest, LASSO, ElasticNet, XGBoost_combined",161.625
"ENSG00000154734","ADAMTS1",6,6,1,6,0.214230357819449,0.238972445928697,7.85800328852332,-136.666666666667,24,25.3333333333333,475,122.5,3,3,4,"LASSO, ElasticNet, XGBoost_combined",161.708333333333
"ENSG00000189171","S100A13",6,6,6,6,0.125255682763852,0.130223475865463,10.4356981972897,-244.25,83.3333333333333,87.1666666666667,254,223.833333333333,4,4,4,"RandomForest, LASSO, ElasticNet, XGBoost_combined",162.083333333333
"ENSG00000129538","RNASE1",3,0,6,6,0.0421690347062092,NA,13.2894413615965,-78.1666666666667,324.666666666667,NA,101.333333333333,66,2,2,3,"RandomForest, XGBoost_combined",164
"ENSG00000109610","SOD3",0,0,6,6,NA,NA,12.1497043637216,-206.333333333333,NA,NA,147.5,181.666666666667,2,2,2,"RandomForest, XGBoost_combined",164.583333333333
"ENSG00000142910","TINAGL1",5,5,6,6,0.0526733909310545,0.0440462588372133,16.7658928693521,-58.4166666666667,266,311,32.5,49.6666666666667,2,4,4,"RandomForest, XGBoost_combined",164.791666666667
"ENSG00000153071","DAB2",6,6,4,6,0.12130827946878,0.146514604779866,8.60730007517965,-119.333333333333,88.1666666666667,73.3333333333333,396,104.5,3,3,4,"LASSO, ElasticNet, XGBoost_combined",165.5
"ENSG00000091986","CCDC80",5,5,6,6,0.0847645207727624,0.0842411529728161,12.6424219427702,-249.333333333333,148.6,153.4,132.333333333333,229.666666666667,2,4,4,"RandomForest, XGBoost_combined",166
"ENSG00000162496","DHRS3",6,6,6,6,0.0997981473315477,0.10203710458486,10.9744261618903,-213.083333333333,119.666666666667,122,229.833333333333,195,4,4,4,"RandomForest, LASSO, ElasticNet, XGBoost_combined",166.625
"ENSG00000198523","PLN",6,6,6,6,0.0667141067367913,0.0648746271163499,12.3536437750211,-128.333333333333,208.5,208.5,141.333333333333,114.333333333333,4,4,4,"RandomForest, LASSO, ElasticNet, XGBoost_combined",168.166666666667
"ENSG00000049323","LTBP1",5,5,6,6,0.0510481306402893,0.0482119390428366,14.5337740333384,-80.8333333333333,272,267.8,66,69.1666666666667,2,4,4,"RandomForest, XGBoost_combined",168.741666666667
"ENSG00000184347","SLIT3",5,5,5,5,0.103030581736682,0.105108068331953,11.202495300515,-272.2,112.6,119.8,197.8,246.4,0,4,4,"",169.15
"ENSG00000125968","ID1",6,6,6,6,0.0951908409391108,0.0655368748221296,10.5782308312716,-118.083333333333,127.5,213.166666666667,232.166666666667,104.333333333333,4,4,4,"RandomForest, LASSO, ElasticNet, XGBoost_combined",169.291666666667
"ENSG00000026297","RNASET2",6,6,0,3,0.112934997324238,0.115027936750502,NA,-327.166666666667,99.8333333333333,107.5,NA,300.666666666667,2,2,3,"LASSO, ElasticNet",169.333333333333
"ENSG00000019582","CD74",6,4,6,6,0.0548298902330649,0.0558296021618873,12.9077186396921,-91.0833333333333,260.5,232.25,111.5,80.6666666666667,3,3,4,"RandomForest, ElasticNet, XGBoost_combined",171.229166666667
"ENSG00000107796","ACTA2",3,3,6,6,0.0431867673564029,0.0345398405021489,16.7239735404724,-60.1666666666667,288.666666666667,322,32,48.1666666666667,2,2,4,"RandomForest, XGBoost_combined",172.708333333333
"ENSG00000160255","ITGB2",6,6,6,6,0.10872983342533,0.120546888038031,9.92717182598626,-235,103.333333333333,100.5,281.333333333333,212.5,4,4,4,"RandomForest, LASSO, ElasticNet, XGBoost_combined",174.416666666667
"ENSG00000152583","SPARCL1",2,1,6,6,0.0386475239098392,0.0606672222832227,12.2687939320441,-22.5833333333333,332,209,142.5,15.1666666666667,2,2,4,"RandomForest, XGBoost_combined",174.666666666667
"ENSG00000153823","PID1",6,6,6,6,0.0796095256425906,0.0868686549112864,11.4010770255486,-177.25,186,171.666666666667,184.5,156.833333333333,4,4,4,"RandomForest, LASSO, ElasticNet, XGBoost_combined",174.75
"ENSG00000099998","GGT5",6,6,6,6,0.100354974643902,0.103015420624631,10.0411776024526,-195.75,119.166666666667,121.666666666667,284.833333333333,175.833333333333,4,4,4,"RandomForest, LASSO, ElasticNet, XGBoost_combined",175.375
"ENSG00000197943","PLCG2",6,6,5,6,0.068712420565962,0.0720249046442522,11.313546679216,-142.75,198.833333333333,188.5,194.2,130.666666666667,3,4,4,"LASSO, ElasticNet, XGBoost_combined",178.05
"ENSG00000102024","PLS3",6,6,0,6,0.0775515669255121,0.0966784926034765,NA,-226.166666666667,181,151.5,NA,205.333333333333,3,3,3,"LASSO, ElasticNet, XGBoost_combined",179.277777777778
"ENSG00000124212","PTGIS",6,6,6,6,0.0562105298764203,0.0568965912279764,15.9723503127589,-205.666666666667,251.833333333333,239.333333333333,42.5,185.666666666667,4,4,4,"RandomForest, LASSO, ElasticNet, XGBoost_combined",179.833333333333
"ENSG00000166173","LARP6",1,1,0,1,0.0877565308185112,0.0898824124337677,NA,-317,134,129,NA,284,0,0,3,"",182.333333333333
"ENSG00000204592","HLA-E",1,0,4,4,0.0432765805517175,NA,12.4126173820457,-88.5,334,NA,140.25,76.5,0,0,3,"",183.583333333333
"ENSG00000125810","CD93",6,6,6,6,0.0802598380226066,0.0526549885289317,11.0524954422973,-111.5,159.166666666667,260.833333333333,219.166666666667,97.8333333333333,4,4,4,"RandomForest, LASSO, ElasticNet, XGBoost_combined",184.25
"ENSG00000116132","PRRX1",6,6,6,6,0.0753346537944393,0.0744728376693197,12.3173699690136,-234.25,192.333333333333,192.666666666667,139.666666666667,213.333333333333,4,4,4,"RandomForest, LASSO, ElasticNet, XGBoost_combined",184.5
"ENSG00000154380","ENAH",6,6,0,6,0.0899362932153182,0.0927769586886132,NA,-314.75,135,133.666666666667,NA,287.333333333333,3,3,3,"LASSO, ElasticNet, XGBoost_combined",185.333333333333
"ENSG00000162444","RBP7",6,6,6,6,0.112173902496721,0.118836065071165,10.6031349867291,-339.083333333333,97.5,96.8333333333333,236.333333333333,313.666666666667,4,4,4,"RandomForest, LASSO, ElasticNet, XGBoost_combined",186.083333333333
"ENSG00000196154","S100A4",2,0,6,6,0.0337437024325146,NA,11.7957179212051,-66,341.5,NA,161.833333333333,56.3333333333333,2,2,3,"RandomForest, XGBoost_combined",186.555555555556
"ENSG00000168209","DDIT4",6,6,6,6,0.097445025728353,0.108286438734614,10.3239262153791,-288.5,120,110.833333333333,251.833333333333,265.166666666667,4,4,4,"RandomForest, LASSO, ElasticNet, XGBoost_combined",186.958333333333
"ENSG00000169429","CXCL8",3,3,3,3,0.113021777892918,0.12105217134024,9.93115476133946,-314.333333333333,93.3333333333333,93.6666666666667,274.333333333333,291,0,0,4,"",188.083333333333
"ENSG00000146674","IGFBP3",6,6,4,6,0.119048619819116,0.121598931416889,8.77086572004711,-203.583333333333,82.6666666666667,91.1666666666667,397.5,183.5,3,3,4,"LASSO, ElasticNet, XGBoost_combined",188.708333333333
"ENSG00000154096","THY1",6,6,4,6,0.13312586631487,0.140229367305158,8.55503250128044,-204.25,78.3333333333333,84.5,409.5,185.166666666667,3,3,4,"LASSO, ElasticNet, XGBoost_combined",189.375
"ENSG00000165168","CYBB",6,6,6,6,0.143164929481578,0.147442616974657,9.40166858524858,-259.833333333333,87.1666666666667,107.333333333333,326.5,237.166666666667,4,4,4,"RandomForest, LASSO, ElasticNet, XGBoost_combined",189.541666666667
"ENSG00000111404","RERGL",1,1,5,5,0.0452309853616278,0.0269821404392911,13.6143429310461,-44,277,354,91.8,35.8,0,2,4,"",189.65
"ENSG00000157514","TSC22D3",0,0,6,6,NA,NA,12.6943217203793,-272,NA,NA,131.166666666667,248.333333333333,2,2,2,"RandomForest, XGBoost_combined",189.75
"ENSG00000116194","ANGPTL1",6,6,4,6,0.111100047958061,0.117498890857596,8.84741373752171,-209.833333333333,98.3333333333333,98.8333333333333,373.5,189.333333333333,3,3,4,"LASSO, ElasticNet, XGBoost_combined",190
"ENSG00000134531","EMP1",6,6,6,6,0.0747177070324029,0.0748890985733215,11.1653057783005,-219.083333333333,179,178.333333333333,207.333333333333,197,4,4,4,"RandomForest, LASSO, ElasticNet, XGBoost_combined",190.416666666667
"ENSG00000173918","C1QTNF1",6,6,6,6,0.0857533040099398,0.0879364691920883,9.62793851546841,-173.5,147.166666666667,145.333333333333,314.333333333333,155.666666666667,4,4,4,"RandomForest, LASSO, ElasticNet, XGBoost_combined",190.625
"ENSG00000187479","C11orf96",6,6,6,6,0.0686156188929545,0.071454399218906,9.7127345412565,-70.5,205.5,197.333333333333,310.666666666667,58.5,4,4,4,"RandomForest, LASSO, ElasticNet, XGBoost_combined",193
"ENSG00000006042","TMEM98",6,6,0,6,0.0795168346613224,0.083143391594517,NA,-281.583333333333,165.833333333333,157.833333333333,NA,258.333333333333,3,3,3,"LASSO, ElasticNet, XGBoost_combined",194
"ENSG00000107562","CXCL12",6,6,6,6,0.0622425667140026,0.0629232449670215,11.5080302487143,-161.916666666667,232.333333333333,219.666666666667,183,145.5,4,4,4,"RandomForest, LASSO, ElasticNet, XGBoost_combined",195.125
"ENSG00000118503","TNFAIP3",1,1,3,0,0.108668275495261,0.121134879373301,8.415184084008,NA,94,83,411,NA,0,0,3,"",196
"ENSG00000106483","SFRP4",6,6,6,2,0.113075304122815,0.113700161825689,10.494844825761,-371.5,96.8333333333333,104.666666666667,240.333333333333,343,3,3,4,"RandomForest, LASSO, ElasticNet",196.208333333333
"ENSG00000265972","TXNIP",4,4,6,6,0.0540373895026915,0.049974454111081,12.7136986191331,-145.416666666667,261.25,271.75,124,128.666666666667,2,2,4,"RandomForest, XGBoost_combined",196.416666666667
"ENSG00000102265","TIMP1",2,2,2,2,0.0565935751173148,0.0552113597453371,13.1076404017964,-185,257,257,110,165.5,0,0,4,"",197.375
"ENSG00000106819","ASPN",6,6,0,5,0.078215180659167,0.0758049566366241,NA,-278.3,165.166666666667,173.5,NA,255,2,3,3,"LASSO, ElasticNet",197.888888888889
"ENSG00000122679","RAMP3",6,5,6,5,0.0755989428716753,0.0582397609883018,14.043868787968,-328.3,190.166666666667,225.8,77.3333333333333,299.6,2,4,4,"RandomForest, ElasticNet",198.225
"ENSG00000106211","HSPB1",2,2,2,2,0.0827457353326004,0.0776906429170184,9.8003479680272,-218.75,148.5,161.5,286.5,199.5,0,0,4,"",199
"ENSG00000153179","RASSF3",4,4,4,4,0.0955844625515296,0.0994416575172953,10.0565330352556,-290.75,125.5,125.75,283.5,265.5,0,0,4,"",200.0625
"ENSG00000156298","TSPAN7",1,1,1,1,0.111565634060448,0.0975176826326337,9.23001729595156,-332,88,118,305,298,0,0,4,"",202.25
"ENSG00000085871","MGST2",6,6,2,6,0.125197417140525,0.137515949274209,8.56040457213756,-280,78,77,397.5,256.833333333333,3,3,4,"LASSO, ElasticNet, XGBoost_combined",202.333333333333
"ENSG00000162458","FBLIM1",6,6,6,6,0.066497444680812,0.0640557961535979,11.3555283963771,-231,202,208.166666666667,191.333333333333,209.833333333333,4,4,4,"RandomForest, LASSO, ElasticNet, XGBoost_combined",202.833333333333
"ENSG00000106333","PCOLCE",6,6,6,6,0.0753058232099738,0.0707666002206486,10.0845077463109,-191.666666666667,182.666666666667,189.833333333333,266.333333333333,173.333333333333,4,4,4,"RandomForest, LASSO, ElasticNet, XGBoost_combined",203.041666666667
"ENSG00000159403","C1R",3,3,6,6,0.0614516562812542,0.0629229216551087,11.7653749963912,-225.75,227.666666666667,213,166.833333333333,205.833333333333,2,2,4,"RandomForest, XGBoost_combined",203.333333333333
"ENSG00000143119","CD53",5,5,6,6,0.0897592735235841,0.096429222555322,10.267689490317,-260.25,151.6,158,266.833333333333,237.5,2,4,4,"RandomForest, XGBoost_combined",203.483333333333
"ENSG00000119655","NPC2",6,6,6,6,0.051277879647929,0.0494773739977056,11.0861279906858,-67.8333333333333,277.166666666667,277.833333333333,202,57.1666666666667,4,4,4,"RandomForest, LASSO, ElasticNet, XGBoost_combined",203.541666666667
"ENSG00000145012","LPP",6,6,6,6,0.061543327094406,0.0625432075030283,10.5378767475132,-169.416666666667,222.166666666667,211.166666666667,236.333333333333,150,4,4,4,"RandomForest, LASSO, ElasticNet, XGBoost_combined",204.916666666667
"ENSG00000153310","CYRIB",6,6,0,6,0.083714027517978,0.0883496320876073,NA,-327.916666666667,160.333333333333,157.166666666667,NA,300.833333333333,3,3,3,"LASSO, ElasticNet, XGBoost_combined",206.111111111111
"ENSG00000166398","GARRE1",2,2,1,2,0.17151918051381,0.185039981682856,8.36946226593924,-357.25,41,43,421,320.5,0,0,4,"",206.375
"ENSG00000090382","LYZ",5,4,6,6,0.0961324197525973,0.127143788217845,10.3996590270832,-233.166666666667,194.2,171,249.166666666667,212.333333333333,2,3,4,"RandomForest, XGBoost_combined",206.675
"ENSG00000112149","CD83",4,4,4,4,0.144151020100086,0.162057096152668,8.5117909306732,-331.25,56,53.5,412,306.5,0,0,4,"",207
"ENSG00000204291","COL15A1",1,1,1,1,0.076335523943388,0.0773855091498464,11.1703202561814,-353,164,163,182,322,0,0,4,"",207.75
"ENSG00000168497","CAVIN2",6,6,6,6,0.0705617076067929,0.0629236012746152,13.4142067751033,-312.666666666667,211.833333333333,231.666666666667,99.3333333333333,290.833333333333,4,4,4,"RandomForest, LASSO, ElasticNet, XGBoost_combined",208.416666666667
"ENSG00000211445","GPX3",1,1,6,3,0.0946565686964197,0.0929418433976814,10.9828128090636,-390.166666666667,128,137,208,361.333333333333,1,1,4,"RandomForest",208.583333333333
"ENSG00000204287","HLA-DRA",1,1,6,6,0.0415132892400675,0.0366713195109916,12.5899711561161,-114.916666666667,302,303,129.5,100.166666666667,2,2,4,"RandomForest, XGBoost_combined",208.666666666667
"ENSG00000100292","HMOX1",2,2,2,2,0.165667843436555,0.182001242274929,8.98561481855095,-405.25,41,45,371.5,378,0,0,4,"",208.875
"ENSG00000213316","LTC4S",5,4,6,5,0.0653073969496523,0.0686872329771901,12.3305569289475,-297.4,222,202.25,140.5,272.6,1,3,4,"RandomForest",209.3375
"ENSG00000163131","CTSS",3,1,0,6,0.0611798642769596,0.13876895987394,NA,-271.833333333333,302,82,NA,244.666666666667,1,1,3,"XGBoost_combined",209.555555555556
"ENSG00000102760","RGCC",4,4,4,4,0.104274218804911,0.112350023594108,9.63253369072732,-346.875,111.25,107.5,309,316.75,0,0,4,"",211.125
"ENSG00000024422","EHD2",6,6,0,4,0.0787795735616966,0.0801320027006732,NA,-335.25,165,162.333333333333,NA,307.25,2,2,3,"LASSO, ElasticNet",211.527777777778
"ENSG00000212907","MT-ND4L",1,1,0,3,0.0581622863353017,0.0508913078502711,NA,-169.166666666667,232,255,NA,149,0,0,3,"",212
"ENSG00000188643","S100A16",5,5,6,5,0.0759888945339248,0.0774964700676014,10.9351572010363,-295.1,182.8,181.4,212,272.8,1,4,4,"RandomForest",212.25
"ENSG00000182195","LDOC1",6,6,0,0,0.0636179822366252,0.063627311299637,NA,NA,214.333333333333,211,NA,NA,2,2,2,"LASSO, ElasticNet",212.666666666667
"ENSG00000196126","HLA-DRB1",3,3,6,6,0.0357853094302499,0.0341543644314329,13.0164537728342,-56.1666666666667,355.666666666667,339,112,44.3333333333333,2,2,4,"RandomForest, XGBoost_combined",212.75
"ENSG00000177575","CD163",0,0,6,6,NA,NA,10.406815294723,-198.583333333333,NA,NA,245.666666666667,180,2,2,2,"RandomForest, XGBoost_combined",212.833333333333
"ENSG00000168386","FILIP1L",6,6,6,6,0.0619397982039199,0.0628206124583148,10.700085818327,-199,221.333333333333,217.166666666667,233.5,179.333333333333,4,4,4,"RandomForest, LASSO, ElasticNet, XGBoost_combined",212.833333333333
"ENSG00000103811","CTSH",6,6,5,5,0.0892337314268389,0.1043954019628,10.134247565154,-270.4,177,158.666666666667,272.4,248.2,2,4,4,"LASSO, ElasticNet",214.066666666667
"ENSG00000133574","GIMAP4",5,3,6,6,0.0615242130445561,0.0582581182675089,12.8010776571156,-247.5,248,267,115.833333333333,226.166666666667,2,3,4,"RandomForest, XGBoost_combined",214.25
"ENSG00000140836","ZFHX3",6,6,0,6,0.0720429007374321,0.0745685997305312,NA,-298.833333333333,188,184,NA,272.333333333333,3,3,3,"LASSO, ElasticNet, XGBoost_combined",214.777777777778
"ENSG00000133026","MYH10",3,3,6,6,0.0369547425391216,0.0326448513930468,17.4845287268297,-149.083333333333,349,354.333333333333,25.8333333333333,135.333333333333,2,2,4,"RandomForest, XGBoost_combined",216.125
"ENSG00000166927","MS4A7",6,4,6,5,0.070916366305996,0.089025500194285,10.5073071245034,-302.5,209.833333333333,138,240.666666666667,277.6,2,3,4,"RandomForest, ElasticNet",216.525
"ENSG00000127951","FGL2",4,3,6,6,0.0346016353505419,0.0258867905002178,16.9328810127956,-114.5,347,394,29.8333333333333,98.3333333333333,2,2,4,"RandomForest, XGBoost_combined",217.291666666667
"ENSG00000153234","NR4A2",2,2,3,3,0.071497369214655,0.0708846700773179,9.90329727908506,-252.5,183,183.5,273.333333333333,229.666666666667,0,0,4,"",217.375
"ENSG00000150347","ARID5B",6,6,4,6,0.0875916559162883,0.102523645340372,8.69987300748422,-224.666666666667,144.166666666667,121.166666666667,399.75,205.666666666667,3,3,4,"LASSO, ElasticNet, XGBoost_combined",217.6875
"ENSG00000119147","ECRG4",5,5,6,6,0.0532452329703729,0.0472511443536837,11.326781717778,-155.416666666667,264,274.6,197.333333333333,138.833333333333,2,4,4,"RandomForest, XGBoost_combined",218.691666666667
"ENSG00000168461","RAB31",6,6,1,6,0.0876235277797225,0.0995407872523932,9.3809075484258,-313.833333333333,143,126.666666666667,318,287.166666666667,3,3,4,"LASSO, ElasticNet, XGBoost_combined",218.708333333333
"ENSG00000157110","RBPMS",6,6,0,5,0.084230768412358,0.0932825964765491,NA,-375.4,160.333333333333,147.5,NA,348.4,2,3,3,"LASSO, ElasticNet",218.744444444444
"ENSG00000110079","MS4A4A",1,1,6,1,0.14741250567541,0.19813223512572,9.43471992517147,-474.5,62,46,322.5,445,1,1,4,"RandomForest",218.875
"ENSG00000176046","NUPR1",6,6,6,6,0.0650403578961522,0.075801196255686,10.5530570020904,-252.166666666667,222.5,188.333333333333,235.833333333333,231.333333333333,4,4,4,"RandomForest, LASSO, ElasticNet, XGBoost_combined",219.5
"ENSG00000164035","EMCN",3,3,3,3,0.0809341847430424,0.0636992963259113,12.5982009374675,-384.666666666667,166.666666666667,224.333333333333,128.333333333333,359.333333333333,0,0,4,"",219.666666666667
"ENSG00000170345","FOS",5,5,6,6,0.0463336016223141,0.0469225016627373,12.4222791577406,-172,299,282.2,145.5,152,2,4,4,"RandomForest, XGBoost_combined",219.675
"ENSG00000183087","GAS6",3,3,5,6,0.052741915491377,0.0539111268402122,11.2923904843076,-180.833333333333,264.666666666667,251.666666666667,204.4,159.5,1,2,4,"XGBoost_combined",220.058333333333
"ENSG00000008517","IL32",6,6,6,6,0.0624650635045459,0.0609941612336419,11.0398447955897,-259.5,219.833333333333,221.333333333333,204.5,235.333333333333,4,4,4,"RandomForest, LASSO, ElasticNet, XGBoost_combined",220.25
"ENSG00000064205","CCN5",5,5,6,6,0.047583760411025,0.0431853911631312,13.0266391902972,-194.333333333333,292.8,304.4,110.666666666667,175.166666666667,2,4,4,"RandomForest, XGBoost_combined",220.758333333333
"ENSG00000090006","LTBP4",6,6,0,4,0.0830014812132367,0.0837362556247807,NA,-372.25,163,163.333333333333,NA,336.25,2,2,3,"LASSO, ElasticNet",220.861111111111
"ENSG00000121064","SCPEP1",1,1,0,2,0.082744250041174,0.0886062474966685,NA,-373.75,161,155,NA,347.5,0,0,3,"",221.166666666667
"ENSG00000139278","GLIPR1",6,6,2,6,0.0864236254622569,0.0880426605308191,8.27286362881015,-186.333333333333,144.5,146.333333333333,426.5,169.333333333333,3,3,4,"LASSO, ElasticNet, XGBoost_combined",221.666666666667
"ENSG00000169554","ZEB2",0,0,6,6,NA,NA,11.6200497383098,-288.166666666667,NA,NA,177.666666666667,266.333333333333,2,2,2,"RandomForest, XGBoost_combined",222
"ENSG00000165795","NDRG2",6,6,6,6,0.0589247109650609,0.0569501988620946,12.1537028147452,-222.583333333333,262.333333333333,267.333333333333,156.666666666667,201.833333333333,4,4,4,"RandomForest, LASSO, ElasticNet, XGBoost_combined",222.041666666667
"ENSG00000165457","FOLR2",5,5,6,5,0.0874737535615659,0.0740112848368238,9.1416105937064,-242.1,140.4,183.4,349.833333333333,219.2,1,4,4,"RandomForest",223.208333333333
"ENSG00000101160","CTSZ",6,5,6,6,0.0639739290273234,0.0620198921651916,10.7308960834548,-231.083333333333,225,232.6,226,209.666666666667,3,4,4,"RandomForest, ElasticNet, XGBoost_combined",223.316666666667
"ENSG00000170275","CRTAP",6,6,0,2,0.0839541735137791,0.0924763949731015,NA,-387,162,149.666666666667,NA,361.5,2,2,3,"LASSO, ElasticNet",224.388888888889
"ENSG00000198542","ITGBL1",0,0,6,0,NA,NA,10.7247272017536,NA,NA,NA,225,NA,1,1,1,"RandomForest",225
"ENSG00000234745","HLA-B",6,6,6,6,0.0526273579400488,0.0496613895898443,11.2067837056916,-194,265.666666666667,264.833333333333,194.333333333333,175.666666666667,4,4,4,"RandomForest, LASSO, ElasticNet, XGBoost_combined",225.125
"ENSG00000119900","OGFRL1",5,5,4,4,0.117318466559069,0.126038268365204,8.51872800666885,-368.25,82.8,82.4,399.5,336.25,0,2,4,"",225.2375
"ENSG00000118640","VAMP8",6,3,0,6,0.0625914750975935,0.0804752582902191,NA,-295.166666666667,254,157.333333333333,NA,271,2,2,3,"ElasticNet, XGBoost_combined",227.444444444444
"ENSG00000105974","CAV1",4,4,6,6,0.0521328068134052,0.0475692855162837,10.2735375223623,-134.666666666667,251.25,281.5,260.5,117.666666666667,2,2,4,"RandomForest, XGBoost_combined",227.729166666667
"ENSG00000110852","CLEC2B",5,5,4,0,0.0689918228541496,0.0760164901382593,9.9883282426486,NA,206,192,285.25,NA,0,2,3,"",227.75
"ENSG00000174348","PODN",5,5,5,2,0.0768064214415079,0.0815436323903425,11.9319546918798,-457.5,173.4,163.6,155.4,420.5,0,3,4,"",228.225
"ENSG00000151468","CCDC3",6,6,0,5,0.0813081434247264,0.0803259683821776,NA,-386.7,163.333333333333,166.666666666667,NA,355.6,2,3,3,"LASSO, ElasticNet",228.533333333333
"ENSG00000159388","BTG2",6,6,6,5,0.0600253779054672,0.060615901231095,12.1568884845893,-335.5,235.833333333333,221.666666666667,155.166666666667,306.8,3,4,4,"RandomForest, LASSO, ElasticNet",229.866666666667
"ENSG00000102802","MEDAG",5,5,1,5,0.0882242384150938,0.0917387347213804,8.12907475765714,-220.2,142.6,138.8,438,203.6,0,3,4,"",230.75
"ENSG00000137801","THBS1",6,6,5,6,0.0640164946942595,0.0630546653728659,10.0577180553704,-235.916666666667,215.166666666667,215.166666666667,278.6,215.166666666667,3,4,4,"LASSO, ElasticNet, XGBoost_combined",231.025
"ENSG00000169851","PCDH7",5,6,6,6,0.0385380244920352,0.0349234469208595,14.7614821615577,-210.166666666667,331.4,340.5,62.6666666666667,190.833333333333,3,4,4,"RandomForest, LASSO, XGBoost_combined",231.35
"ENSG00000091136","LAMB1",1,1,0,0,0.0555849636772404,0.0537343698015206,NA,NA,233,231,NA,NA,0,0,2,"",232
"ENSG00000143153","ATP1B1",0,0,2,0,NA,NA,10.5530279805503,NA,NA,NA,233,NA,0,0,1,"",233
"ENSG00000109846","CRYAB",3,3,6,6,0.0421120852344426,0.039418275016397,10.3373810128751,-77.5833333333333,304.333333333333,310.666666666667,253,65,2,2,4,"RandomForest, XGBoost_combined",233.25
"ENSG00000197321","SVIL",6,6,6,6,0.0509569267223646,0.0515879898425085,10.2449448037063,-156.583333333333,265.333333333333,256.166666666667,269.666666666667,142,4,4,4,"RandomForest, LASSO, ElasticNet, XGBoost_combined",233.291666666667
"ENSG00000065534","MYLK",5,5,6,6,0.0405063746656601,0.0390988739528978,11.6456939277088,-146,323.8,311.8,169.166666666667,128.5,2,4,4,"RandomForest, XGBoost_combined",233.316666666667
"ENSG00000187244","BCAM",0,0,6,5,NA,NA,13.1305415131746,-393.7,NA,NA,105.333333333333,363.4,1,2,2,"RandomForest",234.366666666667
"ENSG00000131386","GALNT15",5,5,6,5,0.0571064553092834,0.0569161964078269,11.5422397032628,-315.7,241.4,230.4,178.666666666667,288.4,1,4,4,"RandomForest",234.716666666667
"ENSG00000163220","S100A9",6,6,6,6,0.091752439958766,0.0795292204179149,9.8884832287285,-325,152,201,286.833333333333,300.333333333333,4,4,4,"RandomForest, LASSO, ElasticNet, XGBoost_combined",235.041666666667
"ENSG00000125740","FOSB",4,3,6,5,0.0445029867157581,0.051475363802274,11.879185950186,-230.8,314.25,251.666666666667,160.333333333333,214.6,1,2,4,"RandomForest",235.2125
"ENSG00000134871","COL4A2",6,6,3,6,0.0790247512082484,0.0789671920041548,8.44789726939288,-197.666666666667,170.833333333333,171,421,180.833333333333,3,3,4,"LASSO, ElasticNet, XGBoost_combined",235.916666666667
"ENSG00000113140","SPARC",0,0,0,6,NA,NA,NA,-254.416666666667,NA,NA,NA,236,1,1,1,"XGBoost_combined",236
"ENSG00000026508","CD44",5,5,6,5,0.0747312599599344,0.0769309099682482,8.73016479161122,-219.8,179.6,176.8,391.666666666667,196.8,1,4,4,"RandomForest",236.216666666667
"ENSG00000140416","TPM1",1,1,6,6,0.044324192756491,0.0507066503204719,11.8338025166845,-278.166666666667,285,246,160.666666666667,253.333333333333,2,2,4,"RandomForest, XGBoost_combined",236.25
"ENSG00000172403","SYNPO2",0,0,6,6,NA,NA,10.3688173514786,-241.333333333333,NA,NA,252.666666666667,220.5,2,2,2,"RandomForest, XGBoost_combined",236.583333333333
"ENSG00000136997","MYC",1,1,1,0,0.0642938108537498,0.0648425003413928,9.14336787881898,NA,203,191,316,NA,0,0,3,"",236.666666666667
"ENSG00000229807","XIST",1,1,0,3,0.0742310351042553,0.0820425116672424,NA,-401.666666666667,178,162,NA,371.666666666667,0,0,3,"",237.222222222222
"ENSG00000133816","MICAL2",2,2,2,1,0.0875612178246395,0.0892949265080286,8.94239496972748,-356,141.5,138,352.5,317,0,0,4,"",237.25
"ENSG00000162772","ATF3",0,0,6,0,NA,NA,10.9182130956141,NA,NA,NA,237.333333333333,NA,1,1,1,"RandomForest",237.333333333333
"ENSG00000159176","CSRP1",5,5,6,6,0.0404907055364601,0.0388988741324952,11.2839592479736,-133.333333333333,327,315.2,188.5,118.666666666667,2,4,4,"RandomForest, XGBoost_combined",237.341666666667
"ENSG00000121858","TNFSF10",5,5,6,2,0.0612196366643734,0.0519164341753734,13.4444323123249,-361.25,233.6,288.6,97,334,1,3,4,"RandomForest",238.3
"ENSG00000139687","RB1",5,5,0,0,0.0622971946769825,0.057672702628729,NA,NA,228.6,248.6,NA,NA,0,2,2,"",238.6
"ENSG00000090104","RGS1",4,3,4,2,0.0621225751689527,0.0708124773134099,11.247754202383,-356,246.25,188,198.25,322,0,0,4,"",238.625
"ENSG00000143549","TPM3",6,5,2,6,0.0710573220165152,0.0776673557934322,10.1202017709732,-290.333333333333,229.666666666667,211.8,249,266.5,2,3,4,"ElasticNet, XGBoost_combined",239.241666666667
"ENSG00000213203","GIMAP1",4,2,4,3,0.0728848230314394,0.102288953106983,10.9295380338436,-405.666666666667,230.5,146,210.5,372.666666666667,0,0,4,"",239.916666666667
"ENSG00000170017","ALCAM",6,6,6,6,0.0454316288105594,0.0418725312011509,13.0452585930511,-277.333333333333,297.333333333333,298.333333333333,113.166666666667,254.5,4,4,4,"RandomForest, LASSO, ElasticNet, XGBoost_combined",240.833333333333
"ENSG00000137962","ARHGAP29",6,6,6,6,0.0635926478210985,0.0577508257377554,9.27599267242397,-206.75,211.166666666667,230,335,188,4,4,4,"RandomForest, LASSO, ElasticNet, XGBoost_combined",241.041666666667
"ENSG00000172201","ID4",6,6,0,6,0.0610465802978253,0.0655799622622071,NA,-331.25,218.666666666667,198.666666666667,NA,306.333333333333,3,3,3,"LASSO, ElasticNet, XGBoost_combined",241.222222222222
"ENSG00000132334","PTPRE",1,1,4,0,0.0595140923661397,0.0476652248087949,10.2161666690707,NA,211,246,267.5,NA,0,0,3,"",241.5
"ENSG00000159840","ZYX",4,4,0,5,0.0639070674552019,0.064054595387453,NA,-346.4,204.5,200.25,NA,320.8,0,1,3,"",241.85
"ENSG00000115380","EFEMP1",2,2,6,6,0.0352072357992467,0.0300428303902275,15.4802704891644,-151.083333333333,389.5,395.5,49.6666666666667,134,2,2,4,"RandomForest, XGBoost_combined",242.166666666667
"ENSG00000197614","MFAP5",3,3,6,0,0.0434187111556209,0.0385706549047337,13.4014688771107,NA,308.666666666667,319.333333333333,99.5,NA,1,1,3,"RandomForest",242.5
"ENSG00000112562","SMOC2",6,6,2,6,0.0999648617067521,0.113172122799221,8.46768140049121,-338.833333333333,126.333333333333,116.666666666667,417,310.5,3,3,4,"LASSO, ElasticNet, XGBoost_combined",242.625
"ENSG00000102786","INTS6",0,0,6,0,NA,NA,10.4456683007887,NA,NA,NA,243.666666666667,NA,1,1,1,"RandomForest",243.666666666667
"ENSG00000165092","ALDH1A1",6,6,6,6,0.0821181279002612,0.0765561237768008,8.9772652970809,-270.666666666667,171.5,194.5,365.333333333333,246.5,4,4,4,"RandomForest, LASSO, ElasticNet, XGBoost_combined",244.458333333333
"ENSG00000170962","PDGFD",5,5,6,5,0.0502398702838341,0.0476916888706081,12.8741550922395,-340.8,276,272.8,115.333333333333,317.4,1,4,4,"RandomForest",245.383333333333
"ENSG00000105664","COMP",3,3,3,3,0.0413879293857438,0.0386482317809135,12.4620522956547,-274.333333333333,301,297.666666666667,135.333333333333,250.333333333333,0,0,4,"",246.083333333333
"ENSG00000164761","TNFRSF11B",0,0,6,6,NA,NA,11.1687179258006,-310.916666666667,NA,NA,208.333333333333,285.166666666667,2,2,2,"RandomForest, XGBoost_combined",246.75
"ENSG00000198168","SVIP",4,4,0,2,0.0725007857556043,0.0766157885171944,NA,-419,181.5,172,NA,389,0,0,3,"",247.5
"ENSG00000189221","MAOA",5,5,0,6,0.0624576229610718,0.0650340509215621,NA,-303.166666666667,236.8,229.6,NA,276.666666666667,1,3,3,"XGBoost_combined",247.688888888889
"ENSG00000119950","MXI1",6,6,0,6,0.0619283084630555,0.0622602164142396,NA,-335.5,221.5,212.333333333333,NA,310.5,3,3,3,"LASSO, ElasticNet, XGBoost_combined",248.111111111111
"ENSG00000166741","NNMT",5,5,6,6,0.0534724597960587,0.0622429281032132,9.15116595999576,-152.25,272.2,234.4,350.833333333333,135.5,2,4,4,"RandomForest, XGBoost_combined",248.233333333333
"ENSG00000169413","RNASE6",2,1,0,0,0.050001919571353,0.0610900376117757,NA,NA,301,196,NA,NA,0,0,2,"",248.5
"ENSG00000131669","NINJ1",6,6,0,6,0.0723953716386374,0.069039674159308,NA,-361.583333333333,196.166666666667,217.833333333333,NA,333.166666666667,3,3,3,"LASSO, ElasticNet, XGBoost_combined",249.055555555556
"ENSG00000178726","THBD",1,1,2,0,0.0658742471253015,0.063854108500989,8.8976142503834,NA,196,195,356.5,NA,0,0,3,"",249.166666666667
"ENSG00000118292","C1orf54",6,6,0,2,0.0801855469392541,0.0825806286861198,NA,-469.75,162.5,162.5,NA,428,2,2,3,"LASSO, ElasticNet",251
"ENSG00000213949","ITGA1",6,6,0,5,0.0679670317371849,0.068112890198132,NA,-370.9,207.666666666667,203.5,NA,342,2,3,3,"LASSO, ElasticNet",251.055555555556
"ENSG00000150540","HNMT",5,4,6,6,0.0553147867574793,0.0676077486309629,8.80028864926091,-102.083333333333,285,249.75,383,87.3333333333333,2,3,4,"RandomForest, XGBoost_combined",251.270833333333
"ENSG00000136826","KLF4",2,2,6,0,0.0562908881635618,0.0606070867934922,10.2022471657946,NA,250.5,233,274.166666666667,NA,1,1,3,"RandomForest",252.555555555556
"ENSG00000103490","PYCARD",6,6,0,2,0.0850250608154785,0.0782742918329757,NA,-443,155.5,196.333333333333,NA,406,2,2,3,"LASSO, ElasticNet",252.611111111111
"ENSG00000172935","MRGPRF",6,6,5,6,0.0796632083596606,0.0832842810003022,9.059341676193,-322.25,177.166666666667,169.666666666667,365,298.666666666667,3,4,4,"LASSO, ElasticNet, XGBoost_combined",252.625
"ENSG00000176971","FIBIN",5,6,6,6,0.0555285883043159,0.0497779114481526,11.7413677683568,-344.25,249,276,171.833333333333,315.166666666667,3,4,4,"RandomForest, LASSO, XGBoost_combined",253
"ENSG00000104894","CD37",6,6,6,6,0.0574487180698543,0.0506491832006282,10.1314155944217,-245.416666666667,241.5,264.833333333333,280.333333333333,225.5,4,4,4,"RandomForest, LASSO, ElasticNet, XGBoost_combined",253.041666666667
"ENSG00000187955","COL14A1",2,2,6,6,0.044341623855325,0.0377915843661516,10.8873750408133,-203.666666666667,293,323.5,211.666666666667,187,2,2,4,"RandomForest, XGBoost_combined",253.791666666667
"ENSG00000204103","MAFB",2,1,6,6,0.0651425698152514,0.0915932495912238,10.0344455341395,-395,228,148,283,361.5,2,2,4,"RandomForest, XGBoost_combined",255.125
"ENSG00000137507","LRRC32",1,1,1,1,0.0412301261731088,0.038877334790702,13.5606787735165,-306,333,321,88,281,0,0,4,"",255.75
"ENSG00000164733","CTSB",0,0,6,6,NA,NA,10.4743344007156,-301.083333333333,NA,NA,240.666666666667,271.833333333333,2,2,2,"RandomForest, XGBoost_combined",256.25
"ENSG00000111348","ARHGDIB",5,5,6,6,0.0471723388829056,0.0461501083150077,11.7843866430961,-308.416666666667,290,279.4,175.5,281.166666666667,2,4,4,"RandomForest, XGBoost_combined",256.516666666667
"ENSG00000168938","PPIC",5,5,2,6,0.0478819674956337,0.0488680979281352,9.00917725354406,-94.75,293.2,287.2,366,81.3333333333333,1,3,4,"XGBoost_combined",256.933333333333
"ENSG00000197766","CFD",5,5,6,6,0.0457507784739009,0.045993843199067,11.5060836556218,-295.333333333333,290.6,280.4,186.833333333333,271.333333333333,2,4,4,"RandomForest, XGBoost_combined",257.291666666667
"ENSG00000102879","CORO1A",2,0,3,3,0.0253241423925014,NA,12.0194767040286,-241,407.5,NA,147.666666666667,219,0,0,3,"",258.055555555556
"ENSG00000182578","CSF1R",6,6,6,5,0.0848575642373036,0.0820182081885156,9.14731315638779,-385.6,150.666666666667,170.333333333333,356.333333333333,355.2,3,4,4,"RandomForest, LASSO, ElasticNet",258.133333333333
"ENSG00000110092","CCND1",6,6,4,6,0.0838640540910577,0.0871308058362864,9.11887605042045,-368.5,168.666666666667,162,363,339.833333333333,3,3,4,"LASSO, ElasticNet, XGBoost_combined",258.375
"ENSG00000002933","TMEM176A",5,5,6,6,0.0458959314089475,0.0405107274008485,13.8242557376559,-382.833333333333,292.2,306,84.5,350.833333333333,2,4,4,"RandomForest, XGBoost_combined",258.383333333333
"ENSG00000213145","CRIP1",6,6,6,6,0.0476250972734859,0.0480695205894493,11.2234939911361,-271.333333333333,302,284.333333333333,199.833333333333,247.5,4,4,4,"RandomForest, LASSO, ElasticNet, XGBoost_combined",258.416666666667
"ENSG00000144476","ACKR3",5,5,6,4,0.0528831519993081,0.046774153306283,13.2475115934641,-421.75,261,280.6,104,389.5,1,3,4,"RandomForest",258.775
"ENSG00000006016","CRLF1",6,6,4,6,0.0736594665337815,0.0751003225187734,8.57291907361585,-259.916666666667,199.166666666667,192.333333333333,408.75,240.833333333333,3,3,4,"LASSO, ElasticNet, XGBoost_combined",260.270833333333
"ENSG00000159189","C1QC",0,0,6,6,NA,NA,10.2647160188316,-294.166666666667,NA,NA,253.833333333333,268.166666666667,2,2,2,"RandomForest, XGBoost_combined",261
"ENSG00000142192","APP",1,1,1,2,0.0963667457019249,0.116836291517993,8.21814604473589,-452.5,118,88,418,420,0,0,4,"",261
"ENSG00000154146","NRGN",4,4,4,3,0.0602780443976707,0.0565328939609022,10.8776512235624,-389.833333333333,226.75,242.75,214,361,0,0,4,"",261.125
"ENSG00000022267","FHL1",6,6,4,6,0.0760331956428393,0.0779038015802951,8.27912952094985,-280.583333333333,182.833333333333,181,425.5,257,3,3,4,"LASSO, ElasticNet, XGBoost_combined",261.583333333333
"ENSG00000099860","GADD45B",0,0,6,4,NA,NA,12.51313841542,-413.5,NA,NA,144.5,379.25,1,1,2,"RandomForest",261.875
"ENSG00000087245","MMP2",4,4,6,6,0.0578877199922432,0.0559124715430004,9.9115679285463,-272.083333333333,254,254,288.833333333333,251.833333333333,2,2,4,"RandomForest, XGBoost_combined",262.166666666667
"ENSG00000120594","PLXDC2",3,3,6,6,0.0373073854588866,0.0345353133811423,14.9811374790265,-361.166666666667,331.666666666667,327.666666666667,57.8333333333333,333.666666666667,2,2,4,"RandomForest, XGBoost_combined",262.708333333333
"ENSG00000184060","ADAP2",3,3,3,3,0.0599204053318292,0.0503641129977847,10.3755174577918,-326.833333333333,228,286.333333333333,241,298,0,0,4,"",263.333333333333
"ENSG00000213626","LBH",6,6,3,6,0.0730476542867149,0.0695060527213899,8.94480789958667,-309.166666666667,189.833333333333,197.666666666667,379.666666666667,286.166666666667,3,3,4,"LASSO, ElasticNet, XGBoost_combined",263.333333333333
"ENSG00000118257","NRP2",2,2,4,4,0.0649645515950974,0.0665252031869826,10.5579488338606,-432.125,216,207,235.25,396,0,0,4,"",263.5625
"ENSG00000118523","CCN2",6,5,0,6,0.0448627240546738,0.0537878397164446,NA,-275,304.166666666667,235.8,NA,251.166666666667,2,3,3,"ElasticNet, XGBoost_combined",263.711111111111
"ENSG00000169908","TM4SF1",2,2,6,6,0.0550780572760078,0.0473115502342114,10.3321741032472,-330.666666666667,236.5,256,258.833333333333,305.833333333333,2,2,4,"RandomForest, XGBoost_combined",264.291666666667
"ENSG00000171862","PTEN",6,6,4,2,0.0862063675114168,0.0862648257807843,9.35810993688727,-474,143.833333333333,148.666666666667,329.25,437.5,2,2,4,"LASSO, ElasticNet",264.8125
"ENSG00000135218","CD36",3,4,4,4,0.0470179862727815,0.0373663198733713,15.798930317646,-372.625,317.333333333333,352.75,44.5,348,0,0,4,"",265.645833333333
"ENSG00000182551","ADI1",0,0,3,0,NA,NA,10.1336005797069,NA,NA,NA,267.333333333333,NA,0,0,1,"",267.333333333333
"ENSG00000155659","VSIG4",2,2,6,2,0.0757916383071082,0.0756669052784094,9.50790490701178,-441.5,173,174.5,317.666666666667,404.5,1,1,4,"RandomForest",267.416666666667
"ENSG00000181104","F2R",3,3,2,2,0.0896327783536104,0.0906854039652409,8.29689004237794,-391.5,143.333333333333,143.666666666667,423.5,360.5,0,0,4,"",267.75
"ENSG00000101000","PROCR",6,6,6,6,0.0522575630709972,0.0514227859572216,10.7932156186177,-352.666666666667,270,256.666666666667,224.666666666667,322.5,4,4,4,"RandomForest, LASSO, ElasticNet, XGBoost_combined",268.458333333333
"ENSG00000154556","SORBS2",6,6,6,5,0.0477302953213075,0.0466092500451544,10.1137559872748,-271,286,274.666666666667,265.833333333333,248,3,4,4,"RandomForest, LASSO, ElasticNet",268.625
"ENSG00000198832","SELENOM",2,2,0,6,0.0474894747114471,0.0386817512768175,NA,-143.333333333333,321,358.5,NA,127.833333333333,1,1,3,"XGBoost_combined",269.111111111111
"ENSG00000138758","SEPTIN11",6,6,0,5,0.0654526963792839,0.0673384291847757,NA,-443.1,205.166666666667,195.333333333333,NA,407.4,2,3,3,"LASSO, ElasticNet",269.3
"ENSG00000135678","CPM",3,3,4,2,0.0449675774928244,0.0406537706311269,13.740786974114,-437.5,287.333333333333,294.333333333333,87.5,408.5,0,0,4,"",269.416666666667
"ENSG00000111716","LDHB",0,0,6,4,NA,NA,10.3242665754603,-312.875,NA,NA,246.333333333333,292.75,1,1,2,"RandomForest",269.541666666667
"ENSG00000164116","GUCY1A1",6,6,4,6,0.0550796074148778,0.0452236605374113,8.91743792209695,-188.916666666667,243.5,282,383.5,169.333333333333,3,3,4,"LASSO, ElasticNet, XGBoost_combined",269.583333333333
"ENSG00000106991","ENG",4,6,6,6,0.0387495887768619,0.0299766857133362,12.6981815909958,-259.416666666667,337.25,379.666666666667,123.5,240.166666666667,3,3,4,"RandomForest, LASSO, XGBoost_combined",270.145833333333
"ENSG00000135821","GLUL",0,0,6,4,NA,NA,10.6196461297142,-331.5,NA,NA,232,308.75,1,1,2,"RandomForest",270.375
"ENSG00000065054","NHERF2",0,0,6,5,NA,NA,11.8394290973018,-407.8,NA,NA,164.5,376.6,1,2,2,"RandomForest",270.55
"ENSG00000107317","PTGDS",6,4,6,6,0.0349981108572717,0.0337286771695595,15.1060080835519,-326.083333333333,371.166666666667,355.75,56.5,299.666666666667,3,3,4,"RandomForest, ElasticNet, XGBoost_combined",270.770833333333
"ENSG00000164692","COL1A2",1,1,6,6,0.0343644282818239,0.0235476002252318,12.7335557245586,-147.25,383,450,125,128.833333333333,2,2,4,"RandomForest, XGBoost_combined",271.708333333333
"ENSG00000169756","LIMS1",1,1,0,0,0.0450418945851223,0.0454782303546377,NA,NA,283,262,NA,NA,0,0,2,"",272.5
"ENSG00000154175","ABI3BP",4,4,6,3,0.0413557692800646,0.0378103290316261,12.6853167156606,-397.666666666667,302,301.5,121.833333333333,365.666666666667,1,1,4,"RandomForest",272.75
"ENSG00000162511","LAPTM5",0,0,6,4,NA,NA,10.563924348805,-339.125,NA,NA,237.5,309.5,1,1,2,"RandomForest",273.5
"ENSG00000121898","CPXM2",1,1,5,0,0.0586497468226267,0.0556062997687891,8.80871335275127,NA,223,227,372.2,NA,0,1,3,"",274.066666666667
"ENSG00000102804","TSC22D1",3,3,6,6,0.046855213730583,0.0453777670545187,9.56968008676237,-233.583333333333,288.666666666667,279.333333333333,313,215.333333333333,2,2,4,"RandomForest, XGBoost_combined",274.083333333333
"ENSG00000154553","PDLIM3",0,0,6,6,NA,NA,8.9521690566576,-194,NA,NA,373.666666666667,175.5,2,2,2,"RandomForest, XGBoost_combined",274.583333333333
"ENSG00000003436","TFPI",2,3,6,6,0.0373730193035565,0.025700710268594,12.4230835534116,-165.916666666667,394.5,424,135.333333333333,145.833333333333,2,2,4,"RandomForest, XGBoost_combined",274.916666666667
"ENSG00000173641","HSPB7",6,6,5,6,0.0555221265963838,0.0548962908217089,8.6488209914581,-219.583333333333,254.5,250.5,396.4,201.166666666667,3,4,4,"LASSO, ElasticNet, XGBoost_combined",275.641666666667
"ENSG00000188257","PLA2G2A",5,5,5,2,0.0663126325578093,0.06396087512407,10.7834750147617,-489,214.2,216,221.6,453,0,3,4,"",276.2
"ENSG00000160888","IER2",0,0,6,4,NA,NA,11.2794542930038,-387.25,NA,NA,192.333333333333,361.75,1,1,2,"RandomForest",277.041666666667
"ENSG00000137573","SULF1",5,5,6,5,0.0444849694307394,0.0430219087439611,10.7457398688823,-267.1,317.4,307.8,238.166666666667,245,1,4,4,"RandomForest",277.091666666667
"ENSG00000104419","NDRG1",6,6,5,4,0.0672311849573051,0.0697645483928746,9.08072155071075,-354,218.5,207.333333333333,358.6,326.75,2,3,4,"LASSO, ElasticNet",277.795833333333
"ENSG00000205364","MT1M",0,0,0,5,NA,NA,NA,-302,NA,NA,NA,278.4,0,1,1,"",278.4
"ENSG00000177885","GRB2",2,2,0,0,0.0481788662960155,0.0433843624169164,NA,NA,280.5,279,NA,NA,0,0,2,"",279.75
"ENSG00000023902","PLEKHO1",2,2,2,0,0.0574868528557796,0.0467618296947483,9.32797672682106,NA,234.5,272,333,NA,0,0,3,"",279.833333333333
"ENSG00000163430","FSTL1",4,4,0,6,0.0436762306735039,0.0419165658518132,NA,-269.25,299.5,292.5,NA,248.333333333333,1,1,3,"XGBoost_combined",280.111111111111
"ENSG00000108821","COL1A1",6,5,4,6,0.0451211467152125,0.0437957375906394,9.24383483773081,-186.833333333333,311.666666666667,291.8,351,167.333333333333,2,3,4,"ElasticNet, XGBoost_combined",280.45
"ENSG00000171860","C3AR1",5,5,0,2,0.0581572223943468,0.0606767139963055,NA,-415,241.4,222.6,NA,379,0,2,3,"",281
"ENSG00000197043","ANXA6",6,6,0,5,0.055865582602757,0.0567296916244944,NA,-370.2,257.5,244.166666666667,NA,342.2,2,3,3,"LASSO, ElasticNet",281.288888888889
"ENSG00000125148","MT2A",5,5,6,6,0.0486043319771788,0.0460071415188565,9.76246205690511,-280.333333333333,286.2,285.6,293.333333333333,261.166666666667,2,4,4,"RandomForest, XGBoost_combined",281.575
"ENSG00000177606","JUN",4,5,6,4,0.051478543085279,0.0464288523223286,13.3421873880842,-466,283,306.2,109.666666666667,428.5,1,2,4,"RandomForest",281.841666666667
"ENSG00000130592","LSP1",6,6,6,3,0.0732246848834542,0.0795260474078323,9.24243713906612,-460.333333333333,183.166666666667,167.166666666667,355.166666666667,423.666666666667,3,3,4,"RandomForest, LASSO, ElasticNet",282.291666666667
"ENSG00000127083","OMD",1,1,6,6,0.037832275293636,0.0234557024224055,13.8387207539384,-256.916666666667,359,451,89,231.333333333333,2,2,4,"RandomForest, XGBoost_combined",282.583333333333
"ENSG00000198959","TGM2",6,6,6,6,0.0387357843548939,0.03854672704071,12.3326296420594,-341.083333333333,347.5,327.666666666667,145.833333333333,311.666666666667,4,4,4,"RandomForest, LASSO, ElasticNet, XGBoost_combined",283.166666666667
"ENSG00000166147","FBN1",1,1,0,1,0.051492289774431,0.0545886828158019,NA,-367,272,235,NA,346,0,0,3,"",284.333333333333
"ENSG00000163453","IGFBP7",2,1,6,6,0.0318491764875682,0.0171607600682884,10.412027464974,-78.1666666666667,372,439,261,67.1666666666667,2,2,4,"RandomForest, XGBoost_combined",284.791666666667
"ENSG00000068305","MEF2A",5,5,0,0,0.0473399599346889,0.0458058742530332,NA,NA,290.6,279,NA,NA,0,2,2,"",284.8
"ENSG00000173372","C1QA",0,0,6,5,NA,NA,9.97756005627038,-316.6,NA,NA,279.833333333333,289.8,1,2,2,"RandomForest",284.816666666667
"ENSG00000275395","FCGBP",5,5,1,0,0.0787955776298084,0.0724368071378049,8.29585764811207,NA,179.6,209.6,470,NA,0,2,3,"",286.4
"ENSG00000011422","PLAUR",2,2,0,0,0.0552605741502573,0.056130190284868,NA,NA,287.5,285.5,NA,NA,0,0,2,"",286.5
"ENSG00000175183","CSRP2",5,5,2,6,0.0484840763479883,0.0465046514643742,8.177321665037,-179.916666666667,277,271.4,438,163.5,1,3,4,"XGBoost_combined",287.475
"ENSG00000072110","ACTN1",3,3,6,5,0.0397519407007981,0.0348460439340274,11.5923498473616,-375.5,303,316,185.666666666667,346.4,1,2,4,"RandomForest",287.766666666667
"ENSG00000137409","MTCH1",6,6,0,0,0.0463605805926108,0.0464544782387006,NA,NA,297.666666666667,278,NA,NA,2,2,2,"LASSO, ElasticNet",287.833333333333
"ENSG00000137710","RDX",3,4,5,6,0.0539591459945575,0.0421203511446425,8.93056863835918,-236.416666666667,260,304.5,370.8,217.5,1,2,4,"XGBoost_combined",288.2
"ENSG00000143110","C1orf162",2,1,5,0,0.0574591221250224,0.0691782154515213,8.45349813485483,NA,272,175,418.4,NA,0,1,3,"",288.466666666667
"ENSG00000104870","FCGRT",5,3,6,6,0.0419243424973485,0.0407286266304192,9.85544938156557,-271.083333333333,323,298,287.166666666667,247.166666666667,2,3,4,"RandomForest, XGBoost_combined",288.833333333333
"ENSG00000213639","PPP1CB",5,5,2,6,0.0402215896818753,0.0430645625874341,9.95120923787355,-297.333333333333,327,289.6,268,271,1,3,4,"XGBoost_combined",288.9
"ENSG00000017427","IGF1",4,3,5,0,0.0439254997427439,0.0484970048269884,10.3160340471619,NA,320.75,277.666666666667,268.4,NA,0,1,3,"",288.938888888889
"ENSG00000162434","JAK1",6,6,1,6,0.0655948870749392,0.0652309236053221,7.84045151146695,-309.25,201.833333333333,197.833333333333,472,284.833333333333,3,3,4,"LASSO, ElasticNet, XGBoost_combined",289.125
"ENSG00000082074","FYB1",1,1,0,1,0.057655755434833,0.0529723740206039,NA,-415.5,235,243,NA,390,0,0,3,"",289.333333333333
"ENSG00000143162","CREG1",1,1,3,6,0.0708069143849421,0.0776494110788129,8.5223006919752,-373.166666666667,202,183,428,346,1,1,4,"XGBoost_combined",289.75
"ENSG00000127947","PTPN12",1,1,0,0,0.0489391148950789,0.0444480244033419,NA,NA,291,289,NA,NA,0,0,2,"",290
"ENSG00000185432","TMT1A",6,6,0,3,0.0551821621962274,0.0540249448380682,NA,-416.833333333333,246.333333333333,236.166666666667,NA,388,2,2,3,"LASSO, ElasticNet",290.166666666667
"ENSG00000164330","EBF1",6,6,0,4,0.0553421332507525,0.0525734995800144,NA,-412.25,244.666666666667,243.666666666667,NA,383,2,2,3,"LASSO, ElasticNet",290.444444444444
"ENSG00000112936","C7",3,3,6,6,0.0499092542323616,0.050445153456437,10.1489017178938,-365.416666666667,278.333333333333,272,277.666666666667,336.666666666667,2,2,4,"RandomForest, XGBoost_combined",291.166666666667
"ENSG00000124831","LRRFIP1",0,0,3,0,NA,NA,9.88432193631544,NA,NA,NA,291.333333333333,NA,0,0,1,"",291.333333333333
"ENSG00000165655","ZNF503",1,1,0,0,0.0481214723889101,0.0439545720200597,NA,NA,295,292,NA,NA,0,0,2,"",293.5
"ENSG00000223865","HLA-DPB1",1,1,6,6,0.0548321947909963,0.0466554229557948,9.74198927875575,-340.333333333333,263,299,297.5,316,2,2,4,"RandomForest, XGBoost_combined",293.875
"ENSG00000145423","SFRP2",6,5,6,0,0.0355522648953306,0.030989788329642,12.194444753812,NA,365.5,374.8,146.166666666667,NA,2,3,3,"RandomForest, ElasticNet",295.488888888889
"ENSG00000105329","TGFB1",0,0,6,0,NA,NA,9.76868743020445,NA,NA,NA,295.833333333333,NA,1,1,1,"RandomForest",295.833333333333
"ENSG00000163681","SLMAP",4,4,0,0,0.049991921958834,0.0468063924641057,NA,NA,291,301.5,NA,NA,0,0,2,"",296.25
"ENSG00000231389","HLA-DPA1",0,0,6,6,NA,NA,10.9454399693077,-413,NA,NA,212.833333333333,381.166666666667,2,2,2,"RandomForest, XGBoost_combined",297
"ENSG00000117862","TXNDC12",1,1,0,0,0.046425891121422,0.0443438125588527,NA,NA,297,297,NA,NA,0,0,2,"",297
"ENSG00000182809","CRIP2",4,4,0,5,0.049825150568695,0.0497320002424036,NA,-366.1,286,267.5,NA,340.2,0,1,3,"",297.9
"ENSG00000106366","SERPINE1",6,6,1,5,0.0652025752858011,0.0643882024543704,8.49888620304032,-402,209.333333333333,207.333333333333,404,371.8,2,3,4,"LASSO, ElasticNet",298.116666666667
"ENSG00000030582","GRN",3,1,2,4,0.0453848239009508,0.0789462339463396,9.54719963216097,-418,312.666666666667,170,329.5,382.5,0,0,4,"",298.666666666667
"ENSG00000277443","MARCKS",6,6,5,6,0.0532643174746291,0.0535447455728689,8.99703486559058,-361.666666666667,258,243.833333333333,361,332.166666666667,3,4,4,"LASSO, ElasticNet, XGBoost_combined",298.75
"ENSG00000151632","AKR1C2",4,4,4,4,0.0488537835845813,0.0461512288657421,9.1137805184767,-301.125,280,282.5,360,273.75,0,0,4,"",299.0625
"ENSG00000145936","KCNMB1",6,6,1,2,0.0709437939703715,0.0716266755038882,8.28429800927222,-420,190.333333333333,186.333333333333,430,390.5,2,2,4,"LASSO, ElasticNet",299.291666666667
"ENSG00000100644","HIF1A",5,5,1,5,0.0570450233590486,0.0579001654512433,9.3888662802989,-380.4,245.4,235,370,348.8,0,3,4,"",299.8
"ENSG00000079308","TNS1",6,6,1,6,0.0534082287579913,0.0543367410233631,8.32059700537349,-284.75,274.666666666667,258.833333333333,406,261.5,3,3,4,"LASSO, ElasticNet, XGBoost_combined",300.25
"ENSG00000171223","JUNB",4,4,6,6,0.0371357978894938,0.0332806781212886,10.8845575617135,-311.25,345,344.75,225.333333333333,286.333333333333,2,2,4,"RandomForest, XGBoost_combined",300.354166666667
"ENSG00000135363","LMO2",4,4,5,5,0.049420752160724,0.0440397841316741,10.1666213841371,-371.9,290.25,299.75,271.4,341,0,2,4,"",300.6
"ENSG00000182512","GLRX5",1,1,0,0,0.0410907898368039,0.0385875884729589,NA,NA,307,295,NA,NA,0,0,2,"",301
"ENSG00000081041","CXCL2",3,3,4,0,0.0461674858178891,0.0486197251861631,8.82994191447988,NA,279.666666666667,255.666666666667,368.75,NA,0,0,3,"",301.361111111111
"ENSG00000106066","CPVL",6,4,6,0,0.0529921800290535,0.0613466645964814,8.5975646652296,NA,281.833333333333,214.75,408,NA,2,2,3,"RandomForest, ElasticNet",301.527777777778
"ENSG00000180304","OAZ2",1,1,4,0,0.0399053056826959,0.0330719547027662,9.88396237606262,NA,296,310,299.5,NA,0,0,3,"",301.833333333333
"ENSG00000242574","HLA-DMB",5,3,2,0,0.0546690343200132,0.0591932275632514,8.48271153297858,NA,272.8,236.333333333333,398,NA,0,1,3,"",302.377777777778
"ENSG00000100219","XBP1",2,3,6,6,0.0405634831439236,0.027929427863605,10.1258339013507,-191.083333333333,364,410.666666666667,264.666666666667,170.333333333333,2,2,4,"RandomForest, XGBoost_combined",302.416666666667
"ENSG00000145730","PAM",6,6,2,2,0.069729491445484,0.0706547436297243,8.23649953065448,-448,193,186.666666666667,423.5,409.5,2,2,4,"LASSO, ElasticNet",303.166666666667
"ENSG00000112514","CUTA",3,3,0,5,0.0421387749284824,0.0340707436096429,NA,-249.5,329,356,NA,226.2,0,1,3,"",303.733333333333
"ENSG00000126005","MMP24OS",5,5,0,0,0.0429740962652836,0.0425219558098978,NA,NA,313.4,295.6,NA,NA,0,2,2,"",304.5
"ENSG00000197461","PDGFA",6,6,6,6,0.0277560368524676,0.0239490905542221,12.5934464318441,-267.833333333333,427,420.333333333333,127.166666666667,244.166666666667,4,4,4,"RandomForest, LASSO, ElasticNet, XGBoost_combined",304.666666666667
"ENSG00000213088","ACKR1",1,1,6,6,0.0321224575994407,0.0263853730184203,15.0343562501789,-288.166666666667,443,456,60.1666666666667,260.166666666667,2,2,4,"RandomForest, XGBoost_combined",304.833333333333
"ENSG00000154188","ANGPT1",6,6,0,3,0.0555916517369112,0.0560233529072213,NA,-465.166666666667,249.333333333333,235.166666666667,NA,430.333333333333,2,2,3,"LASSO, ElasticNet",304.944444444444
"ENSG00000176731","RBIS",4,4,0,0,0.045400726270184,0.0457122749733618,NA,NA,314.75,296,NA,NA,0,0,2,"",305.375
"ENSG00000182636","NDN",5,4,0,0,0.0433179046326103,0.0469320585997346,NA,NA,325.4,286.75,NA,NA,0,1,2,"",306.075
"ENSG00000189058","APOD",3,3,6,6,0.0368018920323188,0.0338957312562977,12.2194899764289,-418.833333333333,351.333333333333,344,144.166666666667,386.833333333333,2,2,4,"RandomForest, XGBoost_combined",306.583333333333
"ENSG00000129009","ISLR",1,1,0,0,0.0437403316275255,0.0416676109201264,NA,NA,309,305,NA,NA,0,0,2,"",307
"ENSG00000148700","ADD3",6,6,4,5,0.0504656499896013,0.0507531421184518,9.44229268998771,-371.6,284.833333333333,273,327,343.6,2,3,4,"LASSO, ElasticNet",307.108333333333
"ENSG00000138061","CYP1B1",4,4,3,2,0.0569169103401908,0.0572721457565525,8.83295186580875,-390,252.25,237.5,374.333333333333,364.5,0,0,4,"",307.145833333333
"ENSG00000204389","HSPA1A",2,2,4,2,0.0631019897560537,0.0590013901159221,9.11049794301879,-439.25,223,236.5,363.25,406,0,0,4,"",307.1875
"ENSG00000123131","PRDX4",0,0,6,3,NA,NA,11.8792824026692,-482,NA,NA,171,443.666666666667,1,1,2,"RandomForest",307.333333333333
"ENSG00000004799","PDK4",0,0,6,0,NA,NA,9.70476921807958,NA,NA,NA,307.5,NA,1,1,1,"RandomForest",307.5
"ENSG00000174099","MSRB3",6,6,0,5,0.0444637880584347,0.0426680636249153,NA,-356.3,302.833333333333,292,NA,327.8,2,3,3,"LASSO, ElasticNet",307.544444444444
"ENSG00000126524","SBDS",4,4,0,4,0.0540493018544025,0.0524044004286115,NA,-460.75,249.5,244.25,NA,429.75,0,0,3,"",307.833333333333
"ENSG00000185650","ZFP36L1",5,5,6,5,0.0358048355485977,0.0334864484058047,11.218628348959,-368.6,354.6,342.2,195.5,340.6,1,4,4,"RandomForest",308.225
"ENSG00000041982","TNC",1,1,1,1,0.04164277541789,0.0421331811263252,8.44650831531898,-292,301,279,394,260,0,0,4,"",308.5
"ENSG00000084234","APLP2",2,2,2,1,0.041571227842786,0.0409371596235387,9.67024577618466,-309.5,326,319.5,305,286,0,0,4,"",309.125
"ENSG00000119922","IFIT2",2,2,0,0,0.0396593951645762,0.040011139133361,NA,NA,324,295,NA,NA,0,0,2,"",309.5
"ENSG00000145675","PIK3R1",4,4,6,6,0.0386018111285441,0.0345126491218868,10.9367552071681,-318.75,362.5,360.5,221.666666666667,295.333333333333,2,2,4,"RandomForest, XGBoost_combined",310
"ENSG00000166482","MFAP4",4,3,6,6,0.0311462589866657,0.0334162703103799,11.576197539535,-364.833333333333,385.75,343.666666666667,177,334.333333333333,2,2,4,"RandomForest, XGBoost_combined",310.1875
"ENSG00000178695","KCTD12",5,4,6,6,0.0401323365553103,0.0332723591197636,10.5904560577897,-341,331.2,354.25,243.666666666667,312.166666666667,2,3,4,"RandomForest, XGBoost_combined",310.320833333333
"ENSG00000004776","HSPB6",6,6,4,6,0.0590472509324873,0.056085194191516,8.58006155096278,-351.416666666667,249.333333333333,262.5,407.75,322.166666666667,3,3,4,"LASSO, ElasticNet, XGBoost_combined",310.4375
"ENSG00000135506","OS9",5,5,0,2,0.0484884901937897,0.0470217341691474,NA,-403.5,286.2,278.4,NA,369,0,2,3,"",311.2
"ENSG00000182287","AP1S2",0,0,6,6,NA,NA,9.79220956586906,-359.5,NA,NA,293.333333333333,329.666666666667,2,2,2,"RandomForest, XGBoost_combined",311.5
"ENSG00000162616","DNAJB4",4,4,0,2,0.0489925654293896,0.048499981223798,NA,-392,294.5,280,NA,360,0,0,3,"",311.5
"ENSG00000205302","SNX2",3,2,0,0,0.0425573045619164,0.0404209453659432,NA,NA,311.333333333333,312,NA,NA,0,0,2,"",311.666666666667
"ENSG00000122378","PRXL2A",5,6,6,3,0.0482625100659909,0.0446445652091908,9.87108634665203,-419.333333333333,274.4,287.833333333333,296.833333333333,390.333333333333,2,3,4,"RandomForest, LASSO",312.35
"ENSG00000134202","GSTM3",6,6,0,4,0.043090242967992,0.0430613837482148,NA,-365,308.666666666667,288.666666666667,NA,339.75,2,2,3,"LASSO, ElasticNet",312.361111111111
"ENSG00000174695","TMEM167A",5,5,0,1,0.0471897532416753,0.0486009163732735,NA,-378.5,304.2,287,NA,346,0,2,3,"",312.4
"ENSG00000162407","PLPP3",6,6,2,0,0.0468009738387531,0.0458384613418103,8.96845519856075,NA,295.166666666667,280,364,NA,2,2,3,"LASSO, ElasticNet",313.055555555556
"ENSG00000126264","HCST",0,0,5,4,NA,NA,10.7280630582185,-424.125,NA,NA,232.2,394.5,0,1,2,"",313.35
"ENSG00000235162","C12orf75",6,5,1,5,0.0626452096517016,0.069053760692665,8.23591755642147,-406.2,251.166666666667,207,426,372.4,1,3,4,"ElasticNet",314.141666666667
"ENSG00000143127","ITGA10",1,1,6,6,0.0289944089913626,0.0244023770919452,11.1144821955957,-327.333333333333,367,386,204,301,2,2,4,"RandomForest, XGBoost_combined",314.5
"ENSG00000183722","LHFPL6",3,3,5,6,0.0409756711948285,0.0392360626861123,8.6093141289454,-222.833333333333,333.666666666667,321,404.6,200.833333333333,1,2,4,"XGBoost_combined",315.025
"ENSG00000104368","PLAT",1,1,6,0,0.038129218014737,0.0352770591769994,10.7799396244728,NA,370,355,220.833333333333,NA,1,1,3,"RandomForest",315.277777777778
"ENSG00000142871","CCN1",3,4,0,6,0.0512902819272342,0.0423702743675976,NA,-335.333333333333,306,330.5,NA,309.5,1,1,3,"XGBoost_combined",315.333333333333
"ENSG00000137331","IER3",4,3,6,4,0.0479449167205659,0.0401796577461779,9.72022941284975,-391.625,285.75,321,297.833333333333,358.25,1,1,4,"RandomForest",315.708333333333
"ENSG00000184983","NDUFA6",6,6,0,0,0.0409029709242141,0.0391273849161581,NA,NA,322.833333333333,309.666666666667,NA,NA,2,2,2,"LASSO, ElasticNet",316.25
"ENSG00000277632","CCL3",3,3,5,1,0.049147985170778,0.0451047578255613,10.6761732280957,-507.5,273.666666666667,299,227,468,0,1,4,"",316.916666666667
"ENSG00000169813","HNRNPF",1,1,0,0,0.0333486151633299,0.0358472167791961,NA,NA,336,298,NA,NA,0,0,2,"",317
"ENSG00000138495","COX17",6,6,0,4,0.0475960404835927,0.0474806035331077,NA,-426.5,289.166666666667,271.833333333333,NA,390.75,2,2,3,"LASSO, ElasticNet",317.25
"ENSG00000124107","SLPI",1,1,1,0,0.0511718159127689,0.0531952087517186,7.90660724952043,NA,254,234,464,NA,0,0,3,"",317.333333333333
"ENSG00000196924","FLNA",0,0,6,5,NA,NA,9.6734256824256,-353.2,NA,NA,308.333333333333,326.4,1,2,2,"RandomForest",317.366666666667
"ENSG00000163431","LMOD1",1,1,6,6,0.0384679157378322,0.0334577738677413,9.14326594662165,-298,322,320,356.833333333333,272.5,2,2,4,"RandomForest, XGBoost_combined",317.833333333333
"ENSG00000170043","TRAPPC1",5,5,0,0,0.040506135831654,0.0388710805930975,NA,NA,324.2,312.8,NA,NA,0,2,2,"",318.5
"ENSG00000161960","EIF4A1",1,1,0,0,0.0429291729485406,0.0387792566687414,NA,NA,314,323,NA,NA,0,0,2,"",318.5
"ENSG00000177879","AP3S1",1,1,0,0,0.0358660801817323,0.0366959898969846,NA,NA,335,302,NA,NA,0,0,2,"",318.5
"ENSG00000173706","HEG1",4,3,5,0,0.0497840741077434,0.0347687101891894,9.53128988991182,NA,287.75,350,319,NA,0,1,3,"",318.916666666667
"ENSG00000129757","CDKN1C",5,5,6,0,0.0314995348263756,0.0288341947482119,11.9065623860459,NA,398.4,385.4,177.333333333333,NA,1,3,3,"RandomForest",320.377777777778
"ENSG00000185862","EVI2B",2,2,1,2,0.0546560411597643,0.0526173947946343,8.44166407531229,-425.5,237,235.5,412,397.5,0,0,4,"",320.5
"ENSG00000196569","LAMA2",5,5,3,2,0.0477826147926101,0.0458227014068107,9.55445086114046,-429.5,290,283,318,393,0,2,4,"",321
"ENSG00000196735","HLA-DQA1",2,1,6,5,0.0496184290079318,0.0201494897801872,9.76606965449068,-274.7,323,412,297.666666666667,252,1,2,4,"RandomForest",321.166666666667
"ENSG00000035862","TIMP2",0,0,5,2,NA,NA,9.01916890628046,-298.5,NA,NA,366.4,276.5,0,1,2,"",321.45
"ENSG00000082781","ITGB5",1,1,0,1,0.0341307565945547,0.0328122363349955,NA,-361,328,313,NA,324,0,0,3,"",321.666666666667
"ENSG00000116717","GADD45A",6,6,2,0,0.0468928444265394,0.0438255876958454,8.61414394919526,NA,283.5,283.666666666667,398.5,NA,2,2,3,"LASSO, ElasticNet",321.888888888889
"ENSG00000173267","SNCG",2,1,0,6,0.0405765798696336,0.0337581260884241,NA,-254.833333333333,366,368,NA,232.333333333333,1,1,3,"XGBoost_combined",322.111111111111
"ENSG00000152661","GJA1",4,4,5,1,0.0486641924028111,0.0447712306740577,10.148022689044,-490,280.25,291,264,454,0,1,4,"",322.3125
"ENSG00000144802","NFKBIZ",2,1,1,0,0.0475620033806268,0.0801165226703696,7.91571561677313,NA,319,175,473,NA,0,0,3,"",322.333333333333
"ENSG00000000971","CFH",2,2,6,6,0.0322525434952447,0.0300645227076053,9.83228067939758,-277.333333333333,381,365,289.666666666667,254.5,2,2,4,"RandomForest, XGBoost_combined",322.541666666667
"ENSG00000137509","PRCP",2,2,0,0,0.0450831975649562,0.0417625450125325,NA,NA,324.5,322.5,NA,NA,0,0,2,"",323.5
"ENSG00000028137","TNFRSF1B",0,0,2,0,NA,NA,9.29686383117001,NA,NA,NA,323.5,NA,0,0,1,"",323.5
"ENSG00000166592","RRAD",1,1,6,0,0.0360697488989208,0.0340107570272972,9.56681210162671,NA,333,316,321.833333333333,NA,1,1,3,"RandomForest",323.611111111111
"ENSG00000107438","PDLIM1",0,0,2,6,NA,NA,8.33220712437027,-246.166666666667,NA,NA,425,223.5,1,1,2,"XGBoost_combined",324.25
"ENSG00000142552","RCN3",4,4,0,0,0.0411562320938076,0.0404694253080896,NA,NA,333.5,315,NA,NA,0,0,2,"",324.25
"ENSG00000197405","C5AR1",5,5,6,6,0.0496952369005717,0.0555881097836249,9.00760630605926,-416.5,287.2,251.6,370,388.333333333333,2,4,4,"RandomForest, XGBoost_combined",324.283333333333
