"rank","hgnc_symbol","ensembl_id","models_all_folds","mean_rank"
1,"DCN","ENSG00000011465","RandomForest, LASSO, ElasticNet, XGBoost_combined",1.95833333333333
2,"PECAM1","ENSG00000261371","RandomForest, LASSO, ElasticNet, XGBoost_combined",5.58333333333333
3,"IGFBP2","ENSG00000115457","RandomForest, LASSO, ElasticNet, XGBoost_combined",12.2083333333333
4,"DPT","ENSG00000143196","RandomForest, LASSO, ElasticNet, XGBoost_combined",13.125
5,"NOTCH3","ENSG00000074181","RandomForest, LASSO, ElasticNet, XGBoost_combined",14.7916666666667
6,"FBLN1","ENSG00000077942","RandomForest, LASSO, ElasticNet, XGBoost_combined",17.625
7,"AIF1","ENSG00000204472","RandomForest, LASSO, ElasticNet, XGBoost_combined",18.3333333333333
8,"TAGLN","ENSG00000149591","RandomForest, LASSO, ElasticNet, XGBoost_combined",19.5416666666667
9,"ADGRL4","ENSG00000162618","RandomForest, LASSO, ElasticNet, XGBoost_combined",20.2083333333333
10,"CLEC14A","ENSG00000176435","RandomForest, LASSO, ElasticNet, XGBoost_combined",22.2083333333333
11,"MGST1","ENSG00000008394","RandomForest, LASSO, ElasticNet, XGBoost_combined",22.9583333333333
12,"ITM2A","ENSG00000078596","RandomForest, LASSO, ElasticNet, XGBoost_combined",23
13,"ECSCR","ENSG00000249751","",25.3
14,"PLAC9","ENSG00000189129","RandomForest, LASSO, ElasticNet, XGBoost_combined",27.7083333333333
15,"VWF","ENSG00000110799","RandomForest, LASSO, ElasticNet, XGBoost_combined",27.9583333333333
16,"CLU","ENSG00000120885","RandomForest, LASSO, ElasticNet, XGBoost_combined",28.2083333333333
17,"FBLN5","ENSG00000140092","RandomForest, LASSO, ElasticNet, XGBoost_combined",30.625
18,"MYL9","ENSG00000101335","RandomForest, XGBoost_combined",32.4166666666667
19,"PLVAP","ENSG00000130300","RandomForest, LASSO, ElasticNet, XGBoost_combined",33.0416666666667
20,"PHLDA2","ENSG00000181649","RandomForest, LASSO, ElasticNet, XGBoost_combined",33.7083333333333
21,"NR2F2","ENSG00000185551","RandomForest, LASSO, ElasticNet, XGBoost_combined",34.0416666666667
22,"EGFL7","ENSG00000172889","RandomForest, LASSO, ElasticNet, XGBoost_combined",34.125
23,"IFI27","ENSG00000165949","RandomForest, LASSO, ElasticNet, XGBoost_combined",35.125
24,"FABP4","ENSG00000170323","RandomForest, LASSO, ElasticNet, XGBoost_combined",37.0833333333333
25,"GIMAP7","ENSG00000179144","RandomForest, LASSO, ElasticNet, XGBoost_combined",39.7083333333333
26,"CRISPLD2","ENSG00000103196","",42
27,"ITGA8","ENSG00000077943","RandomForest, LASSO, ElasticNet, XGBoost_combined",42.2916666666667
28,"APOE","ENSG00000130203","RandomForest, LASSO, ElasticNet, XGBoost_combined",43.6666666666667
29,"SOX18","ENSG00000203883","RandomForest, LASSO, ElasticNet, XGBoost_combined",44.2916666666667
30,"RAMP1","ENSG00000132329","RandomForest, LASSO, ElasticNet, XGBoost_combined",45.5416666666667
31,"TPM2","ENSG00000198467","RandomForest, LASSO, ElasticNet, XGBoost_combined",47.0416666666667
32,"BGN","ENSG00000182492","RandomForest, LASSO, ElasticNet, XGBoost_combined",50.1666666666667
33,"STMN1","ENSG00000117632","RandomForest, LASSO, ElasticNet, XGBoost_combined",54.9583333333333
34,"MCAM","ENSG00000076706","RandomForest, LASSO, ElasticNet, XGBoost_combined",56.7083333333333
35,"ISYNA1","ENSG00000105655","RandomForest, LASSO, ElasticNet, XGBoost_combined",57.875
36,"SERPINF1","ENSG00000132386","RandomForest, LASSO, ElasticNet, XGBoost_combined",59.75
37,"RAMP2","ENSG00000131477","RandomForest, LASSO, ElasticNet, XGBoost_combined",60.9583333333333
38,"FABP5","ENSG00000164687","RandomForest, LASSO, ElasticNet, XGBoost_combined",62.5833333333333
39,"STEAP4","ENSG00000127954","RandomForest, LASSO, ElasticNet, XGBoost_combined",63.6666666666667
40,"A2M","ENSG00000175899","RandomForest, LASSO, ElasticNet, XGBoost_combined",63.7083333333333
41,"SCARA5","ENSG00000168079","",65.25
42,"GJA4","ENSG00000187513","",67.25
43,"IGFBP5","ENSG00000115461","RandomForest, LASSO, ElasticNet, XGBoost_combined",70
44,"FN1","ENSG00000115414","RandomForest, LASSO, ElasticNet, XGBoost_combined",70.2083333333333
45,"LTBP2","ENSG00000119681","RandomForest, LASSO, ElasticNet, XGBoost_combined",74.3333333333333
46,"TIMP3","ENSG00000100234","RandomForest, LASSO, ElasticNet, XGBoost_combined",78.8333333333333
47,"THBS2","ENSG00000186340","RandomForest, LASSO, ElasticNet, XGBoost_combined",79
48,"CCN3","ENSG00000136999","RandomForest, LASSO, ElasticNet, XGBoost_combined",79.625
49,"PMP22","ENSG00000109099","RandomForest, XGBoost_combined",80.1666666666667
50,"HES4","ENSG00000188290","RandomForest, LASSO, ElasticNet, XGBoost_combined",81.625
51,"OGN","ENSG00000106809","RandomForest, LASSO, ElasticNet, XGBoost_combined",82.4166666666667
52,"FCER1G","ENSG00000158869","RandomForest, XGBoost_combined",84.6666666666667
53,"FGF7","ENSG00000140285","RandomForest, LASSO, ElasticNet, XGBoost_combined",85.1666666666667
54,"LUM","ENSG00000139329","RandomForest, LASSO, ElasticNet, XGBoost_combined",85.2083333333333
55,"MFGE8","ENSG00000140545","RandomForest, LASSO, ElasticNet, XGBoost_combined",87.5833333333333
56,"TGFBI","ENSG00000120708","RandomForest, LASSO, ElasticNet, XGBoost_combined",89.75
57,"MGP","ENSG00000111341","RandomForest, ElasticNet, XGBoost_combined",89.9333333333333
58,"POSTN","ENSG00000133110","RandomForest, LASSO, ElasticNet, XGBoost_combined",90.875
59,"ITM2C","ENSG00000135916","RandomForest, LASSO, ElasticNet, XGBoost_combined",91.125
60,"COXFA4L2","ENSG00000185633","RandomForest, LASSO, ElasticNet, XGBoost_combined",91.2916666666667
61,"ADH1B","ENSG00000196616","RandomForest, LASSO, ElasticNet, XGBoost_combined",91.3333333333333
62,"RERG","ENSG00000134533","",91.8333333333333
63,"PRELP","ENSG00000188783","RandomForest, LASSO, ElasticNet, XGBoost_combined",92.5
64,"PALMD","ENSG00000099260","RandomForest, LASSO, ElasticNet, XGBoost_combined",95.2083333333333
65,"ESAM","ENSG00000149564","RandomForest, LASSO, ElasticNet, XGBoost_combined",95.25
66,"F13A1","ENSG00000124491","RandomForest",100.133333333333
67,"DSTN","ENSG00000125868","RandomForest, LASSO, ElasticNet, XGBoost_combined",100.458333333333
68,"SPI1","ENSG00000066336","LASSO, ElasticNet, XGBoost_combined",102.520833333333
69,"LST1","ENSG00000204482","",103.666666666667
70,"MYH11","ENSG00000133392","RandomForest, XGBoost_combined",108
71,"COL6A2","ENSG00000142173","RandomForest, XGBoost_combined",111.416666666667
72,"IGFBP4","ENSG00000141753","RandomForest, LASSO, ElasticNet, XGBoost_combined",111.5
73,"MAN1A1","ENSG00000111885","",113.5
74,"COL8A1","ENSG00000144810","RandomForest, LASSO, ElasticNet, XGBoost_combined",114.25
75,"TMEM176B","ENSG00000106565","RandomForest, ElasticNet, XGBoost_combined",114.841666666667
76,"CALCRL","ENSG00000064989","RandomForest, LASSO, ElasticNet, XGBoost_combined",117.791666666667
77,"COL18A1","ENSG00000182871","RandomForest, LASSO, ElasticNet, XGBoost_combined",118
78,"ACTC1","ENSG00000159251","",118.7
79,"HYAL2","ENSG00000068001","RandomForest, LASSO, ElasticNet, XGBoost_combined",118.958333333333
80,"MS4A6A","ENSG00000110077","RandomForest, XGBoost_combined",119.291666666667
81,"BTG1","ENSG00000133639","RandomForest, LASSO, ElasticNet, XGBoost_combined",120.125
82,"SELENOP","ENSG00000250722","RandomForest, LASSO, ElasticNet, XGBoost_combined",122.166666666667
83,"CLDN5","ENSG00000184113","RandomForest, LASSO, ElasticNet, XGBoost_combined",123.125
84,"FMO2","ENSG00000094963","LASSO, ElasticNet, XGBoost_combined",123.444444444444
85,"C1S","ENSG00000182326","RandomForest, XGBoost_combined",124.25
86,"CPE","ENSG00000109472","LASSO, ElasticNet, XGBoost_combined",124.416666666667
87,"MNDA","ENSG00000163563","",124.575
88,"LCP1","ENSG00000136167","RandomForest, LASSO, ElasticNet, XGBoost_combined",125.5
89,"PTPRC","ENSG00000081237","RandomForest, XGBoost_combined",126.575
90,"SRGN","ENSG00000122862","RandomForest, LASSO, ElasticNet, XGBoost_combined",126.708333333333
91,"CD9","ENSG00000010278","RandomForest, XGBoost_combined",127.25
92,"AGT","ENSG00000135744","RandomForest, LASSO, ElasticNet, XGBoost_combined",127.541666666667
93,"ALOX5AP","ENSG00000132965","RandomForest, LASSO, ElasticNet, XGBoost_combined",128.291666666667
94,"IFITM1","ENSG00000185885","RandomForest, LASSO, ElasticNet, XGBoost_combined",129.75
95,"PPP1R14A","ENSG00000167641","RandomForest, LASSO, ElasticNet, XGBoost_combined",131.083333333333
96,"CP","ENSG00000047457","LASSO, ElasticNet, XGBoost_combined",131.666666666667
97,"CHCHD10","ENSG00000250479","RandomForest, LASSO, ElasticNet, XGBoost_combined",132.583333333333
98,"PDGFRA","ENSG00000134853","RandomForest, LASSO, ElasticNet, XGBoost_combined",132.958333333333
99,"PCOLCE2","ENSG00000163710","RandomForest, LASSO, ElasticNet, XGBoost_combined",133.875
100,"RARRES1","ENSG00000118849","RandomForest, LASSO, ElasticNet, XGBoost_combined",135.166666666667
101,"EPAS1","ENSG00000116016","RandomForest, LASSO, ElasticNet, XGBoost_combined",136.5
102,"NR4A1","ENSG00000123358","RandomForest, LASSO, ElasticNet, XGBoost_combined",137.125
103,"MGLL","ENSG00000074416","RandomForest, LASSO, ElasticNet, XGBoost_combined",137.625
104,"FBLN2","ENSG00000163520","RandomForest, LASSO, ElasticNet, XGBoost_combined",138.625
105,"FCGR2A","ENSG00000143226","RandomForest, ElasticNet, XGBoost_combined",139.633333333333
106,"CD68","ENSG00000129226","RandomForest, LASSO, ElasticNet, XGBoost_combined",140.458333333333
107,"KLF2","ENSG00000127528","RandomForest, LASSO, ElasticNet, XGBoost_combined",141.666666666667
108,"CYBA","ENSG00000051523","RandomForest, LASSO, ElasticNet, XGBoost_combined",142.875
109,"S100A10","ENSG00000197747","RandomForest, LASSO, ElasticNet, XGBoost_combined",143.208333333333
110,"PLEK","ENSG00000115956","",143.416666666667
111,"TYROBP","ENSG00000011600","RandomForest, XGBoost_combined",145.611111111111
112,"CD14","ENSG00000170458","RandomForest, LASSO, ElasticNet, XGBoost_combined",146.25
113,"CNN1","ENSG00000130176","RandomForest, LASSO, ElasticNet, XGBoost_combined",148.291666666667
114,"MT1X","ENSG00000187193","RandomForest, LASSO, ElasticNet, XGBoost_combined",148.791666666667
115,"LRP1","ENSG00000123384","RandomForest, LASSO, ElasticNet, XGBoost_combined",149.291666666667
116,"NTRK2","ENSG00000148053","",150.1
117,"AEBP1","ENSG00000106624","RandomForest, XGBoost_combined",150.270833333333
118,"EPS8","ENSG00000151491","RandomForest, LASSO, ElasticNet, XGBoost_combined",150.625
119,"AQP1","ENSG00000240583","RandomForest, LASSO, ElasticNet, XGBoost_combined",150.75
120,"CD34","ENSG00000174059","RandomForest, LASSO, ElasticNet, XGBoost_combined",151.375
121,"ZFP36L2","ENSG00000152518","RandomForest, LASSO, ElasticNet, XGBoost_combined",152.416666666667
122,"SPINT2","ENSG00000167642","RandomForest",155.791666666667
123,"LGALS1","ENSG00000100097","LASSO, ElasticNet, XGBoost_combined",156.083333333333
124,"VCAN","ENSG00000038427","RandomForest, XGBoost_combined",156.9
125,"ETS2","ENSG00000157557","RandomForest, LASSO, ElasticNet, XGBoost_combined",156.958333333333
126,"PTP4A3","ENSG00000184489","",157.1
127,"HLA-DQB1","ENSG00000179344","RandomForest, LASSO, ElasticNet, XGBoost_combined",158.958333333333
128,"C3","ENSG00000125730","RandomForest, LASSO, ElasticNet",159.708333333333
129,"ACTG2","ENSG00000163017","RandomForest, LASSO, ElasticNet, XGBoost_combined",159.916666666667
130,"CALD1","ENSG00000122786","RandomForest, XGBoost_combined",160.444444444444
131,"CCL4","ENSG00000275302","RandomForest",161.166666666667
132,"HLA-DRB5","ENSG00000198502","",161.25
133,"SERPING1","ENSG00000149131","RandomForest, LASSO, ElasticNet, XGBoost_combined",161.625
134,"ADAMTS1","ENSG00000154734","LASSO, ElasticNet, XGBoost_combined",161.708333333333
135,"S100A13","ENSG00000189171","RandomForest, LASSO, ElasticNet, XGBoost_combined",162.083333333333
136,"RNASE1","ENSG00000129538","RandomForest, XGBoost_combined",164
137,"SOD3","ENSG00000109610","RandomForest, XGBoost_combined",164.583333333333
138,"TINAGL1","ENSG00000142910","RandomForest, XGBoost_combined",164.791666666667
139,"DAB2","ENSG00000153071","LASSO, ElasticNet, XGBoost_combined",165.5
140,"CCDC80","ENSG00000091986","RandomForest, XGBoost_combined",166
141,"DHRS3","ENSG00000162496","RandomForest, LASSO, ElasticNet, XGBoost_combined",166.625
142,"PLN","ENSG00000198523","RandomForest, LASSO, ElasticNet, XGBoost_combined",168.166666666667
143,"LTBP1","ENSG00000049323","RandomForest, XGBoost_combined",168.741666666667
144,"SLIT3","ENSG00000184347","",169.15
145,"ID1","ENSG00000125968","RandomForest, LASSO, ElasticNet, XGBoost_combined",169.291666666667
146,"RNASET2","ENSG00000026297","LASSO, ElasticNet",169.333333333333
147,"CD74","ENSG00000019582","RandomForest, ElasticNet, XGBoost_combined",171.229166666667
148,"ACTA2","ENSG00000107796","RandomForest, XGBoost_combined",172.708333333333
149,"ITGB2","ENSG00000160255","RandomForest, LASSO, ElasticNet, XGBoost_combined",174.416666666667
150,"SPARCL1","ENSG00000152583","RandomForest, XGBoost_combined",174.666666666667
151,"PID1","ENSG00000153823","RandomForest, LASSO, ElasticNet, XGBoost_combined",174.75
152,"GGT5","ENSG00000099998","RandomForest, LASSO, ElasticNet, XGBoost_combined",175.375
153,"PLCG2","ENSG00000197943","LASSO, ElasticNet, XGBoost_combined",178.05
154,"PLS3","ENSG00000102024","LASSO, ElasticNet, XGBoost_combined",179.277777777778
155,"PTGIS","ENSG00000124212","RandomForest, LASSO, ElasticNet, XGBoost_combined",179.833333333333
156,"LARP6","ENSG00000166173","",182.333333333333
157,"HLA-E","ENSG00000204592","",183.583333333333
158,"CD93","ENSG00000125810","RandomForest, LASSO, ElasticNet, XGBoost_combined",184.25
159,"PRRX1","ENSG00000116132","RandomForest, LASSO, ElasticNet, XGBoost_combined",184.5
160,"ENAH","ENSG00000154380","LASSO, ElasticNet, XGBoost_combined",185.333333333333
161,"RBP7","ENSG00000162444","RandomForest, LASSO, ElasticNet, XGBoost_combined",186.083333333333
162,"S100A4","ENSG00000196154","RandomForest, XGBoost_combined",186.555555555556
163,"DDIT4","ENSG00000168209","RandomForest, LASSO, ElasticNet, XGBoost_combined",186.958333333333
164,"CXCL8","ENSG00000169429","",188.083333333333
165,"IGFBP3","ENSG00000146674","LASSO, ElasticNet, XGBoost_combined",188.708333333333
166,"THY1","ENSG00000154096","LASSO, ElasticNet, XGBoost_combined",189.375
167,"CYBB","ENSG00000165168","RandomForest, LASSO, ElasticNet, XGBoost_combined",189.541666666667
168,"RERGL","ENSG00000111404","",189.65
169,"TSC22D3","ENSG00000157514","RandomForest, XGBoost_combined",189.75
170,"ANGPTL1","ENSG00000116194","LASSO, ElasticNet, XGBoost_combined",190
171,"EMP1","ENSG00000134531","RandomForest, LASSO, ElasticNet, XGBoost_combined",190.416666666667
172,"C1QTNF1","ENSG00000173918","RandomForest, LASSO, ElasticNet, XGBoost_combined",190.625
173,"C11orf96","ENSG00000187479","RandomForest, LASSO, ElasticNet, XGBoost_combined",193
174,"TMEM98","ENSG00000006042","LASSO, ElasticNet, XGBoost_combined",194
175,"CXCL12","ENSG00000107562","RandomForest, LASSO, ElasticNet, XGBoost_combined",195.125
176,"TNFAIP3","ENSG00000118503","",196
177,"SFRP4","ENSG00000106483","RandomForest, LASSO, ElasticNet",196.208333333333
178,"TXNIP","ENSG00000265972","RandomForest, XGBoost_combined",196.416666666667
179,"TIMP1","ENSG00000102265","",197.375
180,"ASPN","ENSG00000106819","LASSO, ElasticNet",197.888888888889
181,"RAMP3","ENSG00000122679","RandomForest, ElasticNet",198.225
182,"HSPB1","ENSG00000106211","",199
183,"RASSF3","ENSG00000153179","",200.0625
184,"TSPAN7","ENSG00000156298","",202.25
185,"MGST2","ENSG00000085871","LASSO, ElasticNet, XGBoost_combined",202.333333333333
186,"FBLIM1","ENSG00000162458","RandomForest, LASSO, ElasticNet, XGBoost_combined",202.833333333333
187,"PCOLCE","ENSG00000106333","RandomForest, LASSO, ElasticNet, XGBoost_combined",203.041666666667
188,"C1R","ENSG00000159403","RandomForest, XGBoost_combined",203.333333333333
189,"CD53","ENSG00000143119","RandomForest, XGBoost_combined",203.483333333333
190,"NPC2","ENSG00000119655","RandomForest, LASSO, ElasticNet, XGBoost_combined",203.541666666667
191,"LPP","ENSG00000145012","RandomForest, LASSO, ElasticNet, XGBoost_combined",204.916666666667
192,"CYRIB","ENSG00000153310","LASSO, ElasticNet, XGBoost_combined",206.111111111111
193,"GARRE1","ENSG00000166398","",206.375
194,"LYZ","ENSG00000090382","RandomForest, XGBoost_combined",206.675
195,"CD83","ENSG00000112149","",207
196,"COL15A1","ENSG00000204291","",207.75
197,"CAVIN2","ENSG00000168497","RandomForest, LASSO, ElasticNet, XGBoost_combined",208.416666666667
198,"GPX3","ENSG00000211445","RandomForest",208.583333333333
199,"HLA-DRA","ENSG00000204287","RandomForest, XGBoost_combined",208.666666666667
200,"HMOX1","ENSG00000100292","",208.875
201,"LTC4S","ENSG00000213316","RandomForest",209.3375
202,"CTSS","ENSG00000163131","XGBoost_combined",209.555555555556
203,"RGCC","ENSG00000102760","",211.125
204,"EHD2","ENSG00000024422","LASSO, ElasticNet",211.527777777778
205,"MT-ND4L","ENSG00000212907","",212
206,"S100A16","ENSG00000188643","RandomForest",212.25
207,"LDOC1","ENSG00000182195","LASSO, ElasticNet",212.666666666667
208,"HLA-DRB1","ENSG00000196126","RandomForest, XGBoost_combined",212.75
209,"CD163","ENSG00000177575","RandomForest, XGBoost_combined",212.833333333333
210,"FILIP1L","ENSG00000168386","RandomForest, LASSO, ElasticNet, XGBoost_combined",212.833333333333
211,"CTSH","ENSG00000103811","LASSO, ElasticNet",214.066666666667
212,"GIMAP4","ENSG00000133574","RandomForest, XGBoost_combined",214.25
213,"ZFHX3","ENSG00000140836","LASSO, ElasticNet, XGBoost_combined",214.777777777778
214,"MYH10","ENSG00000133026","RandomForest, XGBoost_combined",216.125
215,"MS4A7","ENSG00000166927","RandomForest, ElasticNet",216.525
216,"FGL2","ENSG00000127951","RandomForest, XGBoost_combined",217.291666666667
217,"NR4A2","ENSG00000153234","",217.375
218,"ARID5B","ENSG00000150347","LASSO, ElasticNet, XGBoost_combined",217.6875
219,"ECRG4","ENSG00000119147","RandomForest, XGBoost_combined",218.691666666667
220,"RAB31","ENSG00000168461","LASSO, ElasticNet, XGBoost_combined",218.708333333333
221,"RBPMS","ENSG00000157110","LASSO, ElasticNet",218.744444444444
222,"MS4A4A","ENSG00000110079","RandomForest",218.875
223,"NUPR1","ENSG00000176046","RandomForest, LASSO, ElasticNet, XGBoost_combined",219.5
224,"EMCN","ENSG00000164035","",219.666666666667
225,"FOS","ENSG00000170345","RandomForest, XGBoost_combined",219.675
226,"GAS6","ENSG00000183087","XGBoost_combined",220.058333333333
227,"IL32","ENSG00000008517","RandomForest, LASSO, ElasticNet, XGBoost_combined",220.25
228,"CCN5","ENSG00000064205","RandomForest, XGBoost_combined",220.758333333333
229,"LTBP4","ENSG00000090006","LASSO, ElasticNet",220.861111111111
230,"SCPEP1","ENSG00000121064","",221.166666666667
231,"GLIPR1","ENSG00000139278","LASSO, ElasticNet, XGBoost_combined",221.666666666667
232,"ZEB2","ENSG00000169554","RandomForest, XGBoost_combined",222
233,"NDRG2","ENSG00000165795","RandomForest, LASSO, ElasticNet, XGBoost_combined",222.041666666667
234,"FOLR2","ENSG00000165457","RandomForest",223.208333333333
235,"CTSZ","ENSG00000101160","RandomForest, ElasticNet, XGBoost_combined",223.316666666667
236,"CRTAP","ENSG00000170275","LASSO, ElasticNet",224.388888888889
237,"ITGBL1","ENSG00000198542","RandomForest",225
238,"HLA-B","ENSG00000234745","RandomForest, LASSO, ElasticNet, XGBoost_combined",225.125
239,"OGFRL1","ENSG00000119900","",225.2375
240,"VAMP8","ENSG00000118640","ElasticNet, XGBoost_combined",227.444444444444
241,"CAV1","ENSG00000105974","RandomForest, XGBoost_combined",227.729166666667
242,"CLEC2B","ENSG00000110852","",227.75
243,"PODN","ENSG00000174348","",228.225
244,"CCDC3","ENSG00000151468","LASSO, ElasticNet",228.533333333333
245,"BTG2","ENSG00000159388","RandomForest, LASSO, ElasticNet",229.866666666667
246,"MEDAG","ENSG00000102802","",230.75
247,"THBS1","ENSG00000137801","LASSO, ElasticNet, XGBoost_combined",231.025
248,"PCDH7","ENSG00000169851","RandomForest, LASSO, XGBoost_combined",231.35
249,"LAMB1","ENSG00000091136","",232
250,"ATP1B1","ENSG00000143153","",233
251,"CRYAB","ENSG00000109846","RandomForest, XGBoost_combined",233.25
252,"SVIL","ENSG00000197321","RandomForest, LASSO, ElasticNet, XGBoost_combined",233.291666666667
253,"MYLK","ENSG00000065534","RandomForest, XGBoost_combined",233.316666666667
254,"BCAM","ENSG00000187244","RandomForest",234.366666666667
255,"GALNT15","ENSG00000131386","RandomForest",234.716666666667
256,"S100A9","ENSG00000163220","RandomForest, LASSO, ElasticNet, XGBoost_combined",235.041666666667
257,"FOSB","ENSG00000125740","RandomForest",235.2125
258,"COL4A2","ENSG00000134871","LASSO, ElasticNet, XGBoost_combined",235.916666666667
259,"SPARC","ENSG00000113140","XGBoost_combined",236
260,"CD44","ENSG00000026508","RandomForest",236.216666666667
261,"TPM1","ENSG00000140416","RandomForest, XGBoost_combined",236.25
262,"SYNPO2","ENSG00000172403","RandomForest, XGBoost_combined",236.583333333333
263,"MYC","ENSG00000136997","",236.666666666667
264,"XIST","ENSG00000229807","",237.222222222222
265,"MICAL2","ENSG00000133816","",237.25
266,"ATF3","ENSG00000162772","RandomForest",237.333333333333
267,"CSRP1","ENSG00000159176","RandomForest, XGBoost_combined",237.341666666667
268,"TNFSF10","ENSG00000121858","RandomForest",238.3
269,"RB1","ENSG00000139687","",238.6
270,"RGS1","ENSG00000090104","",238.625
271,"TPM3","ENSG00000143549","ElasticNet, XGBoost_combined",239.241666666667
272,"GIMAP1","ENSG00000213203","",239.916666666667
273,"ALCAM","ENSG00000170017","RandomForest, LASSO, ElasticNet, XGBoost_combined",240.833333333333
274,"ARHGAP29","ENSG00000137962","RandomForest, LASSO, ElasticNet, XGBoost_combined",241.041666666667
275,"ID4","ENSG00000172201","LASSO, ElasticNet, XGBoost_combined",241.222222222222
276,"PTPRE","ENSG00000132334","",241.5
277,"ZYX","ENSG00000159840","",241.85
278,"EFEMP1","ENSG00000115380","RandomForest, XGBoost_combined",242.166666666667
279,"MFAP5","ENSG00000197614","RandomForest",242.5
280,"SMOC2","ENSG00000112562","LASSO, ElasticNet, XGBoost_combined",242.625
281,"INTS6","ENSG00000102786","RandomForest",243.666666666667
282,"ALDH1A1","ENSG00000165092","RandomForest, LASSO, ElasticNet, XGBoost_combined",244.458333333333
283,"PDGFD","ENSG00000170962","RandomForest",245.383333333333
284,"COMP","ENSG00000105664","",246.083333333333
285,"TNFRSF11B","ENSG00000164761","RandomForest, XGBoost_combined",246.75
286,"SVIP","ENSG00000198168","",247.5
287,"MAOA","ENSG00000189221","XGBoost_combined",247.688888888889
288,"MXI1","ENSG00000119950","LASSO, ElasticNet, XGBoost_combined",248.111111111111
289,"NNMT","ENSG00000166741","RandomForest, XGBoost_combined",248.233333333333
290,"RNASE6","ENSG00000169413","",248.5
291,"NINJ1","ENSG00000131669","LASSO, ElasticNet, XGBoost_combined",249.055555555556
292,"THBD","ENSG00000178726","",249.166666666667
293,"C1orf54","ENSG00000118292","LASSO, ElasticNet",251
294,"ITGA1","ENSG00000213949","LASSO, ElasticNet",251.055555555556
295,"HNMT","ENSG00000150540","RandomForest, XGBoost_combined",251.270833333333
296,"KLF4","ENSG00000136826","RandomForest",252.555555555556
297,"PYCARD","ENSG00000103490","LASSO, ElasticNet",252.611111111111
298,"MRGPRF","ENSG00000172935","LASSO, ElasticNet, XGBoost_combined",252.625
299,"FIBIN","ENSG00000176971","RandomForest, LASSO, XGBoost_combined",253
300,"CD37","ENSG00000104894","RandomForest, LASSO, ElasticNet, XGBoost_combined",253.041666666667
301,"COL14A1","ENSG00000187955","RandomForest, XGBoost_combined",253.791666666667
302,"MAFB","ENSG00000204103","RandomForest, XGBoost_combined",255.125
303,"LRRC32","ENSG00000137507","",255.75
304,"CTSB","ENSG00000164733","RandomForest, XGBoost_combined",256.25
305,"ARHGDIB","ENSG00000111348","RandomForest, XGBoost_combined",256.516666666667
306,"PPIC","ENSG00000168938","XGBoost_combined",256.933333333333
307,"CFD","ENSG00000197766","RandomForest, XGBoost_combined",257.291666666667
308,"CORO1A","ENSG00000102879","",258.055555555556
309,"CSF1R","ENSG00000182578","RandomForest, LASSO, ElasticNet",258.133333333333
310,"CCND1","ENSG00000110092","LASSO, ElasticNet, XGBoost_combined",258.375
311,"TMEM176A","ENSG00000002933","RandomForest, XGBoost_combined",258.383333333333
312,"CRIP1","ENSG00000213145","RandomForest, LASSO, ElasticNet, XGBoost_combined",258.416666666667
313,"ACKR3","ENSG00000144476","RandomForest",258.775
314,"CRLF1","ENSG00000006016","LASSO, ElasticNet, XGBoost_combined",260.270833333333
315,"C1QC","ENSG00000159189","RandomForest, XGBoost_combined",261
316,"APP","ENSG00000142192","",261
317,"NRGN","ENSG00000154146","",261.125
318,"FHL1","ENSG00000022267","LASSO, ElasticNet, XGBoost_combined",261.583333333333
319,"GADD45B","ENSG00000099860","RandomForest",261.875
320,"MMP2","ENSG00000087245","RandomForest, XGBoost_combined",262.166666666667
321,"PLXDC2","ENSG00000120594","RandomForest, XGBoost_combined",262.708333333333
322,"ADAP2","ENSG00000184060","",263.333333333333
323,"LBH","ENSG00000213626","LASSO, ElasticNet, XGBoost_combined",263.333333333333
324,"NRP2","ENSG00000118257","",263.5625
325,"CCN2","ENSG00000118523","ElasticNet, XGBoost_combined",263.711111111111
326,"TM4SF1","ENSG00000169908","RandomForest, XGBoost_combined",264.291666666667
327,"PTEN","ENSG00000171862","LASSO, ElasticNet",264.8125
328,"CD36","ENSG00000135218","",265.645833333333
329,"ADI1","ENSG00000182551","",267.333333333333
330,"VSIG4","ENSG00000155659","RandomForest",267.416666666667
331,"F2R","ENSG00000181104","",267.75
332,"PROCR","ENSG00000101000","RandomForest, LASSO, ElasticNet, XGBoost_combined",268.458333333333
333,"SORBS2","ENSG00000154556","RandomForest, LASSO, ElasticNet",268.625
334,"SELENOM","ENSG00000198832","XGBoost_combined",269.111111111111
335,"SEPTIN11","ENSG00000138758","LASSO, ElasticNet",269.3
336,"CPM","ENSG00000135678","",269.416666666667
337,"LDHB","ENSG00000111716","RandomForest",269.541666666667
338,"GUCY1A1","ENSG00000164116","LASSO, ElasticNet, XGBoost_combined",269.583333333333
339,"ENG","ENSG00000106991","RandomForest, LASSO, XGBoost_combined",270.145833333333
340,"GLUL","ENSG00000135821","RandomForest",270.375
341,"NHERF2","ENSG00000065054","RandomForest",270.55
342,"PTGDS","ENSG00000107317","RandomForest, ElasticNet, XGBoost_combined",270.770833333333
343,"COL1A2","ENSG00000164692","RandomForest, XGBoost_combined",271.708333333333
344,"LIMS1","ENSG00000169756","",272.5
345,"ABI3BP","ENSG00000154175","RandomForest",272.75
346,"LAPTM5","ENSG00000162511","RandomForest",273.5
347,"CPXM2","ENSG00000121898","",274.066666666667
348,"TSC22D1","ENSG00000102804","RandomForest, XGBoost_combined",274.083333333333
349,"PDLIM3","ENSG00000154553","RandomForest, XGBoost_combined",274.583333333333
350,"TFPI","ENSG00000003436","RandomForest, XGBoost_combined",274.916666666667
351,"HSPB7","ENSG00000173641","LASSO, ElasticNet, XGBoost_combined",275.641666666667
352,"PLA2G2A","ENSG00000188257","",276.2
353,"IER2","ENSG00000160888","RandomForest",277.041666666667
354,"SULF1","ENSG00000137573","RandomForest",277.091666666667
355,"NDRG1","ENSG00000104419","LASSO, ElasticNet",277.795833333333
356,"MT1M","ENSG00000205364","",278.4
357,"GRB2","ENSG00000177885","",279.75
358,"PLEKHO1","ENSG00000023902","",279.833333333333
359,"FSTL1","ENSG00000163430","XGBoost_combined",280.111111111111
360,"COL1A1","ENSG00000108821","ElasticNet, XGBoost_combined",280.45
361,"C3AR1","ENSG00000171860","",281
362,"ANXA6","ENSG00000197043","LASSO, ElasticNet",281.288888888889
363,"MT2A","ENSG00000125148","RandomForest, XGBoost_combined",281.575
364,"JUN","ENSG00000177606","RandomForest",281.841666666667
365,"LSP1","ENSG00000130592","RandomForest, LASSO, ElasticNet",282.291666666667
366,"OMD","ENSG00000127083","RandomForest, XGBoost_combined",282.583333333333
367,"TGM2","ENSG00000198959","RandomForest, LASSO, ElasticNet, XGBoost_combined",283.166666666667
368,"FBN1","ENSG00000166147","",284.333333333333
369,"IGFBP7","ENSG00000163453","RandomForest, XGBoost_combined",284.791666666667
370,"MEF2A","ENSG00000068305","",284.8
371,"C1QA","ENSG00000173372","RandomForest",284.816666666667
372,"FCGBP","ENSG00000275395","",286.4
373,"PLAUR","ENSG00000011422","",286.5
374,"CSRP2","ENSG00000175183","XGBoost_combined",287.475
375,"ACTN1","ENSG00000072110","RandomForest",287.766666666667
376,"MTCH1","ENSG00000137409","LASSO, ElasticNet",287.833333333333
377,"RDX","ENSG00000137710","XGBoost_combined",288.2
378,"C1orf162","ENSG00000143110","",288.466666666667
379,"FCGRT","ENSG00000104870","RandomForest, XGBoost_combined",288.833333333333
380,"PPP1CB","ENSG00000213639","XGBoost_combined",288.9
381,"IGF1","ENSG00000017427","",288.938888888889
382,"JAK1","ENSG00000162434","LASSO, ElasticNet, XGBoost_combined",289.125
383,"FYB1","ENSG00000082074","",289.333333333333
384,"CREG1","ENSG00000143162","XGBoost_combined",289.75
385,"PTPN12","ENSG00000127947","",290
386,"TMT1A","ENSG00000185432","LASSO, ElasticNet",290.166666666667
387,"EBF1","ENSG00000164330","LASSO, ElasticNet",290.444444444444
388,"C7","ENSG00000112936","RandomForest, XGBoost_combined",291.166666666667
389,"LRRFIP1","ENSG00000124831","",291.333333333333
390,"ZNF503","ENSG00000165655","",293.5
391,"HLA-DPB1","ENSG00000223865","RandomForest, XGBoost_combined",293.875
392,"SFRP2","ENSG00000145423","RandomForest, ElasticNet",295.488888888889
393,"TGFB1","ENSG00000105329","RandomForest",295.833333333333
394,"SLMAP","ENSG00000163681","",296.25
395,"HLA-DPA1","ENSG00000231389","RandomForest, XGBoost_combined",297
396,"TXNDC12","ENSG00000117862","",297
397,"CRIP2","ENSG00000182809","",297.9
398,"SERPINE1","ENSG00000106366","LASSO, ElasticNet",298.116666666667
399,"GRN","ENSG00000030582","",298.666666666667
400,"MARCKS","ENSG00000277443","LASSO, ElasticNet, XGBoost_combined",298.75
401,"AKR1C2","ENSG00000151632","",299.0625
402,"KCNMB1","ENSG00000145936","LASSO, ElasticNet",299.291666666667
403,"HIF1A","ENSG00000100644","",299.8
404,"TNS1","ENSG00000079308","LASSO, ElasticNet, XGBoost_combined",300.25
405,"JUNB","ENSG00000171223","RandomForest, XGBoost_combined",300.354166666667
406,"LMO2","ENSG00000135363","",300.6
407,"GLRX5","ENSG00000182512","",301
408,"CXCL2","ENSG00000081041","",301.361111111111
409,"CPVL","ENSG00000106066","RandomForest, ElasticNet",301.527777777778
410,"OAZ2","ENSG00000180304","",301.833333333333
411,"HLA-DMB","ENSG00000242574","",302.377777777778
412,"XBP1","ENSG00000100219","RandomForest, XGBoost_combined",302.416666666667
413,"PAM","ENSG00000145730","LASSO, ElasticNet",303.166666666667
414,"CUTA","ENSG00000112514","",303.733333333333
415,"MMP24OS","ENSG00000126005","",304.5
416,"PDGFA","ENSG00000197461","RandomForest, LASSO, ElasticNet, XGBoost_combined",304.666666666667
417,"ACKR1","ENSG00000213088","RandomForest, XGBoost_combined",304.833333333333
418,"ANGPT1","ENSG00000154188","LASSO, ElasticNet",304.944444444444
419,"RBIS","ENSG00000176731","",305.375
420,"NDN","ENSG00000182636","",306.075
421,"APOD","ENSG00000189058","RandomForest, XGBoost_combined",306.583333333333
422,"ISLR","ENSG00000129009","",307
423,"ADD3","ENSG00000148700","LASSO, ElasticNet",307.108333333333
424,"CYP1B1","ENSG00000138061","",307.145833333333
425,"HSPA1A","ENSG00000204389","",307.1875
426,"PRDX4","ENSG00000123131","RandomForest",307.333333333333
427,"PDK4","ENSG00000004799","RandomForest",307.5
428,"MSRB3","ENSG00000174099","LASSO, ElasticNet",307.544444444444
429,"SBDS","ENSG00000126524","",307.833333333333
430,"ZFP36L1","ENSG00000185650","RandomForest",308.225
431,"TNC","ENSG00000041982","",308.5
432,"APLP2","ENSG00000084234","",309.125
433,"IFIT2","ENSG00000119922","",309.5
434,"PIK3R1","ENSG00000145675","RandomForest, XGBoost_combined",310
435,"MFAP4","ENSG00000166482","RandomForest, XGBoost_combined",310.1875
436,"KCTD12","ENSG00000178695","RandomForest, XGBoost_combined",310.320833333333
437,"HSPB6","ENSG00000004776","LASSO, ElasticNet, XGBoost_combined",310.4375
438,"OS9","ENSG00000135506","",311.2
439,"AP1S2","ENSG00000182287","RandomForest, XGBoost_combined",311.5
440,"DNAJB4","ENSG00000162616","",311.5
441,"SNX2","ENSG00000205302","",311.666666666667
442,"PRXL2A","ENSG00000122378","RandomForest, LASSO",312.35
443,"GSTM3","ENSG00000134202","LASSO, ElasticNet",312.361111111111
444,"TMEM167A","ENSG00000174695","",312.4
445,"PLPP3","ENSG00000162407","LASSO, ElasticNet",313.055555555556
446,"HCST","ENSG00000126264","",313.35
447,"C12orf75","ENSG00000235162","ElasticNet",314.141666666667
448,"ITGA10","ENSG00000143127","RandomForest, XGBoost_combined",314.5
449,"LHFPL6","ENSG00000183722","XGBoost_combined",315.025
450,"PLAT","ENSG00000104368","RandomForest",315.277777777778
451,"CCN1","ENSG00000142871","XGBoost_combined",315.333333333333
452,"IER3","ENSG00000137331","RandomForest",315.708333333333
453,"NDUFA6","ENSG00000184983","LASSO, ElasticNet",316.25
454,"CCL3","ENSG00000277632","",316.916666666667
455,"HNRNPF","ENSG00000169813","",317
456,"COX17","ENSG00000138495","LASSO, ElasticNet",317.25
457,"SLPI","ENSG00000124107","",317.333333333333
458,"FLNA","ENSG00000196924","RandomForest",317.366666666667
459,"LMOD1","ENSG00000163431","RandomForest, XGBoost_combined",317.833333333333
460,"TRAPPC1","ENSG00000170043","",318.5
461,"EIF4A1","ENSG00000161960","",318.5
462,"AP3S1","ENSG00000177879","",318.5
463,"HEG1","ENSG00000173706","",318.916666666667
464,"CDKN1C","ENSG00000129757","RandomForest",320.377777777778
465,"EVI2B","ENSG00000185862","",320.5
466,"LAMA2","ENSG00000196569","",321
467,"HLA-DQA1","ENSG00000196735","RandomForest",321.166666666667
468,"TIMP2","ENSG00000035862","",321.45
469,"ITGB5","ENSG00000082781","",321.666666666667
470,"GADD45A","ENSG00000116717","LASSO, ElasticNet",321.888888888889
471,"SNCG","ENSG00000173267","XGBoost_combined",322.111111111111
472,"GJA1","ENSG00000152661","",322.3125
473,"NFKBIZ","ENSG00000144802","",322.333333333333
474,"CFH","ENSG00000000971","RandomForest, XGBoost_combined",322.541666666667
475,"PRCP","ENSG00000137509","",323.5
476,"TNFRSF1B","ENSG00000028137","",323.5
477,"RRAD","ENSG00000166592","RandomForest",323.611111111111
478,"PDLIM1","ENSG00000107438","XGBoost_combined",324.25
479,"RCN3","ENSG00000142552","",324.25
480,"C5AR1","ENSG00000197405","RandomForest, XGBoost_combined",324.283333333333
